/**
 * @brief HTML web page to configure the WiFi of the robot.
 * 
 */
const char index_html[] PROGMEM = R"rawliteral(
<!DOCTYPE HTML>
<html>
<head>
  <title>CNC Wheel Configuration</title>
  <meta name="viewport" content="width=device-width, initial-scale=1">
  <meta name="author" content="Thor Schueler">
</head>
<body>
  <article>
    <header>
      <h1>CNC Wheel Configuration</h1>
    </header>
    <section>
      <form action="/" method="post">
        <h3>WIFI/BT Configuration</h3>
        <input type="checkbox" id="ENABLE_WIFI" name="ENABLE_WIFI" %ENABLE_WIFI%><label for="ENABLE_WIFI"> Enable WIFI</label><br>
        <label for="HOSTNAME">Host Name:</label><br><input maxlength="32" size="32" type="text" id="HOSTNAME" name="HOSTNAME" value="%HOSTNAME%"><br>
        <label for="SSID">Wlan Name (SSID):</label><br><input maxlength="32" size="32" type="text" id="SSID" name="SSID" value="%SSID%"><br>
        <label for="psw">Password:</label><br><input type="password" id="psw" maxlength="32" size="32" name="psw" value="%PWD%"><br><br>
        <input type="checkbox" id="ENABLE_BT" name="ENABLE_BT" %ENABLE_BT%><label for="ENABLE_BT"> Enable Bluetooth</label><br>
        <label for="BT_DEVICE_NAME">Bluetooth Device Name:</label><br><input maxlength="32" size="32" type="text" id="BT_DEVICE_NAME" name="BT_DEVICE_NAME" value="%BT_DEVICE_NAME%"><br>
        <hr/>
        <h3>Command Configuration</h3>
        <table border="0"> 
            <tr><th>Name</th><th>Command</th><th>Alternate Name</th><th>Alternate command</th><th>Zero X</th><th>Zero Y</th><th>Zero Z</th></tr>
            <tr>
                <td><input type="text" maxlength="24" size=16" id="1_CMD_NAME" name="1_CMD_NAME" value="%1_CMD_NAME%"></td> 
                <td><input type="text" maxlength="128" size="48" id="1_CMD" name="1_CMD" value="%1_CMD%"></td>
                <td><input type="text" maxlength="24" size="16" id="1_CMD_NAME_ALT" name="1_CMD_NAME_ALT" value="%1_CMD_NAME_ALT%"></td>
                <td><input type="text" maxlength="128" size="48" id="1_CMD_ALT" name="1_CMD_ALT" value="%1_CMD_ALT%"></td>
                <td><input type="checkbox" id="1_CMD_0X" name="1_CMD_0X" %1_CMD_0X%></td>
                <td><input type="checkbox" id="1_CMD_0Y" name="1_CMD_0Y" %1_CMD_0Y%></td>
                <td><input type="checkbox" id="1_CMD_0Z" name="1_CMD_0Z" %1_CMD_0Z%></td>
            </tr>
            <tr>
                <td><input type="text" maxlength="24" size="16" id="2_CMD_NAME" name="2_CMD_NAME" value="%2_CMD_NAME%"></td> 
                <td><input type="text" maxlength="128" size="48" id="2_CMD" name="2_CMD" value="%2_CMD%"></td>
                <td><input type="text" maxlength="24" size="16" id="2_CMD_NAME_ALT" name="2_CMD_NAME_ALT" value="%2_CMD_NAME_ALT%"></td>
                <td><input type="text" maxlength="128" size="48" id="2_CMD_ALT" name="2_CMD_ALT" value="%2_CMD_ALT%"></td>
                <td><input type="checkbox" id="2_CMD_0X" name="2_CMD_0X" %2_CMD_0X%></td>
                <td><input type="checkbox" id="2_CMD_0Y" name="2_CMD_0Y" %2_CMD_0Y%></td>
                <td><input type="checkbox" id="2_CMD_0Z" name="2_CMD_0Z" %2_CMD_0Z%></td>
            </tr>
            <tr>
                <td><input type="text" maxlength="24" size="16" id="3_CMD_NAME" name="3_CMD_NAME" value="%3_CMD_NAME%"></td> 
                <td><input type="text" maxlength="128" size="48" id="3_CMD" name="3_CMD" value="%3_CMD%"></td>
                <td><input type="text" maxlength="24" size="16" id="3_CMD_NAME_ALT" name="3_CMD_NAME_ALT" value="%3_CMD_NAME_ALT%"></td>
                <td><input type="text" maxlength="128" size="48" id="3_CMD_ALT" name="3_CMD_ALT" value="%3_CMD_ALT%"></td>
                <td><input type="checkbox" id="3_CMD_0X" name="3_CMD_0X" %3_CMD_0X%></td>
                <td><input type="checkbox" id="3_CMD_0Y" name="3_CMD_0Y" %3_CMD_0Y%></td>
                <td><input type="checkbox" id="3_CMD_0Z" name="3_CMD_0Z" %3_CMD_0Z%></td>
            </tr>
            <tr>
                <td><input type="text" maxlength="24" size="16" id="4_CMD_NAME" name="4_CMD_NAME" value="%4_CMD_NAME%"></td> 
                <td><input type="text" maxlength="128" size="48" id="4_CMD" name="4_CMD" value="%4_CMD%"></td>
                <td><input type="text" maxlength="24" size="16" id="4_CMD_NAME_ALT" name="4_CMD_NAME_ALT" value="%4_CMD_NAME_ALT%"></td>
                <td><input type="text" maxlength="128" size="48" id="4_CMD_ALT" name="4_CMD_ALT" value="%4_CMD_ALT%"></td>
                <td><input type="checkbox" id="4_CMD_0X" name="4_CMD_0X" %4_CMD_0X%></td>
                <td><input type="checkbox" id="4_CMD_0Y" name="4_CMD_0Y" %4_CMD_0Y%></td>
                <td><input type="checkbox" id="4_CMD_0Z" name="4_CMD_0Z" %4_CMD_0Z%></td>
            </tr>
            <tr>
                <td><input type="text" maxlength="24" size="16" id="5_CMD_NAME" name="5_CMD_NAME" value="%5_CMD_NAME%"></td> 
                <td><input type="text" maxlength="128" size="48" id="5_CMD" name="5_CMD" value="%5_CMD%"></td>
                <td><input type="text" maxlength="24" size="16" id="5_CMD_NAME_ALT" name="5_CMD_NAME_ALT" value="%5_CMD_NAME_ALT%"></td>
                <td><input type="text" maxlength="128" size="48" id="5_CMD_ALT" name="5_CMD_ALT" value="%5_CMD_ALT%"></td>
                <td><input type="checkbox" id="5_CMD_0X" name="5_CMD_0X" %5_CMD_0X%></td>
                <td><input type="checkbox" id="5_CMD_0Y" name="5_CMD_0Y" %5_CMD_0Y%></td>
                <td><input type="checkbox" id="5_CMD_0Z" name="5_CMD_0Z" %5_CMD_0Z%></td>
            </tr>
            <tr>
                <td><input type="text" maxlength="24" size="16" id="6_CMD_NAME" name="6_CMD_NAME" value="%6_CMD_NAME%"></td> 
                <td><input type="text" maxlength="128" size="48" id="6_CMD" name="6_CMD" value="%6_CMD%"></td>
                <td><input type="text" maxlength="24" size="16" id="6_CMD_NAME_ALT" name="6_CMD_NAME_ALT" value="%6_CMD_NAME_ALT%"></td>
                <td><input type="text" maxlength="128" size="48" id="6_CMD_ALT" name="6_CMD_ALT" value="%6_CMD_ALT%"></td>
                <td><input type="checkbox" id="6_CMD_0X" name="6_CMD_0X" %6_CMD_0X%></td>
                <td><input type="checkbox" id="6_CMD_0Y" name="6_CMD_0Y" %6_CMD_0Y%></td>
                <td><input type="checkbox" id="6_CMD_0Z" name="6_CMD_0Z" %6_CMD_0Z%></td>
            </tr> 
            <tr>
                <td><input type="text" maxlength="24" size="16" id="7_CMD_NAME" name="7_CMD_NAME" value="%7_CMD_NAME%"></td> 
                <td><input type="text" maxlength="128" size="48" id="7_CMD" name="7_CMD" value="%7_CMD%"></td>
                <td><input type="text" maxlength="24" size="16" id="7_CMD_NAME_ALT" name="7_CMD_NAME_ALT" value="%7_CMD_NAME_ALT%"></td>
                <td><input type="text" maxlength="128" size="48" id="7_CMD_ALT" name="7_CMD_ALT" value="%7_CMD_ALT%"></td>
                <td><input type="checkbox" id="7_CMD_0X" name="7_CMD_0X" %7_CMD_0X%></td>
                <td><input type="checkbox" id="7_CMD_0Y" name="7_CMD_0Y" %7_CMD_0Y%></td>
                <td><input type="checkbox" id="7_CMD_0Z" name="7_CMD_0Z" %7_CMD_0Z%></td>
            </tr> 
            <tr>
                <td><input type="text" maxlength="24" size="16" id="8_CMD_NAME" name="8_CMD_NAME" value="%8_CMD_NAME%"></td> 
                <td><input type="text" maxlength="128" size="48" id="8_CMD" name="8_CMD" value="%8_CMD%"></td>
                <td><input type="text" maxlength="24" size="16" id="8_CMD_NAME_ALT" name="8_CMD_NAME_ALT" value="%8_CMD_NAME_ALT%"></td>
                <td><input type="text" maxlength="128" size="48" id="8_CMD_ALT" name="8_CMD_ALT" value="%8_CMD_ALT%"></td>
                <td><input type="checkbox" id="8_CMD_0X" name="8_CMD_0X" %8_CMD_0X%></td>
                <td><input type="checkbox" id="8_CMD_0Y" name="8_CMD_0Y" %8_CMD_0Y%></td>
                <td><input type="checkbox" id="8_CMD_0Z" name="8_CMD_0Z" %8_CMD_0Z%></td>
            </tr>
            <tr>
                <td><input type="text" maxlength="24" size="16" id="9_CMD_NAME" name="9_CMD_NAME" value="%9_CMD_NAME%"></td> 
                <td><input type="text" maxlength="128" size="48" id="9_CMD" name="9_CMD" value="%9_CMD%"></td>
                <td><input type="text" maxlength="24" size="16" id="9_CMD_NAME_ALT" name="9_CMD_NAME_ALT" value="%9_CMD_NAME_ALT%"></td>
                <td><input type="text" maxlength="128" size="48" id="9_CMD_ALT" name="9_CMD_ALT" value="%9_CMD_ALT%"></td>
                <td><input type="checkbox" id="9_CMD_0X" name="9_CMD_0X" %9_CMD_0X%></td>
                <td><input type="checkbox" id="9_CMD_0Y" name="9_CMD_0Y" %9_CMD_0Y%></td>
                <td><input type="checkbox" id="9_CMD_0Z" name="9_CMD_0Z" %9_CMD_0Z%></td>
            </tr>            
            <tr>
                <td><input type="text" maxlength="24" size="16" id="10_CMD_NAME" name="10_CMD_NAME" value="%10_CMD_NAME%"></td> 
                <td><input type="text" maxlength="128" size="48" id="10_CMD" name="10_CMD" value="%10_CMD%"></td>
                <td><input type="text" maxlength="24" size="16" id="10_CMD_NAME_ALT" name="10_CMD_NAME_ALT" value="%10_CMD_NAME_ALT%"></td>
                <td><input type="text" maxlength="128" size="48" id="10_CMD_ALT" name="10_CMD_ALT" value="%10_CMD_ALT%"></td>
                <td><input type="checkbox" id="10_CMD_0X" name="10_CMD_0X" %10_CMD_0X%></td>
                <td><input type="checkbox" id="10_CMD_0Y" name="10_CMD_0Y" %10_CMD_0Y%></td>
                <td><input type="checkbox" id="10_CMD_0Z" name="10_CMD_0Z" %10_CMD_0Z%></td>
            </tr>      
            <tr>
                <td><input type="text" maxlength="24" size="16" id="11_CMD_NAME" name="11_CMD_NAME" value="%11_CMD_NAME%"></td> 
                <td><input type="text" maxlength="128" size="48" id="11_CMD" name="11_CMD" value="%11_CMD%"></td>
                <td><input type="text" maxlength="24" size="16" id="11_CMD_NAME_ALT" name="11_CMD_NAME_ALT" value="%11_CMD_NAME_ALT%"></td>
                <td><input type="text" maxlength="128" size="48" id="11_CMD_ALT" name="11_CMD_ALT" value="%11_CMD_ALT%"></td>
                <td><input type="checkbox" id="11_CMD_0X" name="11_CMD_0X" %11_CMD_0X%></td>
                <td><input type="checkbox" id="11_CMD_0Y" name="11_CMD_0Y" %11_CMD_0Y%></td>
                <td><input type="checkbox" id="11_CMD_0Z" name="11_CMD_0Z" %11_CMD_0Z%></td>
            </tr>      
            <tr>
                <td><input type="text" maxlength="24" size="16" id="12_CMD_NAME" name="12_CMD_NAME" value="%12_CMD_NAME%"></td> 
                <td><input type="text" maxlength="128" size="48" id="12_CMD" name="12_CMD" value="%12_CMD%"></td>
                <td><input type="text" maxlength="24" size="16" id="12_CMD_NAME_ALT" name="12_CMD_NAME_ALT" value="%12_CMD_NAME_ALT%"></td>
                <td><input type="text" maxlength="128" size="48" id="12_CMD_ALT" name="12_CMD_ALT" value="%12_CMD_ALT%"></td>
                <td><input type="checkbox" id="12_CMD_0X" name="12_CMD_0X" %12_CMD_0X%></td>
                <td><input type="checkbox" id="12_CMD_0Y" name="12_CMD_0Y" %12_CMD_0Y%></td>
                <td><input type="checkbox" id="12_CMD_0Z" name="12_CMD_0Z" %12_CMD_0Z%></td>
            </tr>              
        </table>
        <hr/>        
        <h3>Connection Settings</h3>
        <label for="BAUDRATE">Serial Connection Baudrate:</label><br><input type="number" maxlength="16" size="16" id="BAUDRATE" name="BAUDRATE" value="%BAUDRATE%"><br>
        <hr/>
        <input type="submit" value="Save Configuration">
      </form> 
      %PLEASE_RESTART%
      %SUCCESSFULLY_CONNECTED%
    </section>
    <footer>
      <p style="color:Gainsboro; font-size: x-small;">copyright 2018-2026 - theRealThor.</p>
    </footer>
</body>
</html>)rawliteral";

/**
 * @brief Favicon for the web page.
 */
const uint8_t favicon_ico[] PROGMEM = {
    0x00, 0x00, 0x01, 0x00, 0x03, 0x00, 0x30, 0x30, 0x00, 0x00, 0x01, 0x00, 0x20, 0x00, 0xA8, 0x25, 
    0x00, 0x00, 0x36, 0x00, 0x00, 0x00, 0x20, 0x20, 0x00, 0x00, 0x01, 0x00, 0x20, 0x00, 0xA8, 0x10, 
    0x00, 0x00, 0xDE, 0x25, 0x00, 0x00, 0x10, 0x10, 0x00, 0x00, 0x01, 0x00, 0x20, 0x00, 0x68, 0x04, 
    0x00, 0x00, 0x86, 0x36, 0x00, 0x00, 0x28, 0x00, 0x00, 0x00, 0x30, 0x00, 0x00, 0x00, 0x60, 0x00, 
    0x00, 0x00, 0x01, 0x00, 0x20, 0x00, 0x00, 0x00, 0x00, 0x00, 0x00, 0x00, 0x00, 0x00, 0x00, 0x00, 
    0x00, 0x00, 0x00, 0x00, 0x00, 0x00, 0x00, 0x00, 0x00, 0x00, 0x00, 0x00, 0x00, 0x00, 0x00, 0x00, 
    0x00, 0x00, 0x00, 0x00, 0x00, 0x00, 0x00, 0x00, 0x00, 0x00, 0x00, 0x00, 0x00, 0x00, 0x00, 0x00, 
    0x00, 0x00, 0x00, 0x00, 0x00, 0x00, 0x00, 0x00, 0x00, 0x00, 0x00, 0x00, 0x00, 0x00, 0x00, 0x00, 
    0x00, 0x00, 0x00, 0x00, 0x00, 0x00, 0x00, 0x00, 0x00, 0x00, 0x00, 0x00, 0x00, 0x00, 0x00, 0x00, 
    0x00, 0x00, 0x00, 0x00, 0x00, 0x00, 0x00, 0x00, 0x00, 0x00, 0x00, 0x00, 0x00, 0x00, 0x00, 0x00, 
    0x00, 0x00, 0x00, 0x00, 0x00, 0x00, 0x00, 0x00, 0x00, 0x00, 0x00, 0x00, 0x00, 0x00, 0x00, 0x00, 
    0x00, 0x00, 0x00, 0x00, 0x00, 0x00, 0x00, 0x00, 0x00, 0x00, 0x00, 0x00, 0x00, 0x00, 0x00, 0x00, 
    0x00, 0x00, 0x00, 0x00, 0x00, 0x00, 0x00, 0x00, 0x00, 0x00, 0x00, 0x00, 0x00, 0x00, 0x00, 0x00, 
    0x00, 0x00, 0x00, 0x00, 0x00, 0x00, 0x00, 0x00, 0x00, 0x00, 0x00, 0x00, 0x00, 0x00, 0x00, 0x00, 
    0x00, 0x00, 0x00, 0x00, 0x00, 0x00, 0x00, 0x00, 0x00, 0x00, 0x00, 0x00, 0x00, 0x00, 0x00, 0x00, 
    0x00, 0x00, 0x00, 0x00, 0x00, 0x00, 0x00, 0x00, 0x00, 0x00, 0x00, 0x00, 0x00, 0x00, 0x00, 0x00, 
    0x00, 0x00, 0x00, 0x00, 0x00, 0x00, 0x00, 0x00, 0x00, 0x00, 0x00, 0x00, 0x00, 0x00, 0x00, 0x00, 
    0x00, 0x00, 0x00, 0x00, 0x00, 0x00, 0x00, 0x00, 0x00, 0x00, 0x00, 0x00, 0x00, 0x00, 0x00, 0x00, 
    0x00, 0x00, 0x00, 0x00, 0x00, 0x00, 0x00, 0x00, 0x00, 0x00, 0x00, 0x00, 0x00, 0x00, 0x00, 0x00, 
    0x00, 0x00, 0x00, 0x00, 0x00, 0x00, 0x00, 0x00, 0x00, 0x00, 0x00, 0x00, 0x00, 0x00, 0x00, 0x00, 
    0x00, 0x00, 0x00, 0x00, 0x00, 0x00, 0x00, 0x00, 0x00, 0x00, 0x00, 0x00, 0x00, 0x00, 0x00, 0x00, 
    0x00, 0x00, 0x00, 0x00, 0x00, 0x00, 0x00, 0x00, 0x00, 0x00, 0x00, 0x00, 0x00, 0x00, 0x00, 0x00, 
    0x00, 0x00, 0x00, 0x00, 0x00, 0x00, 0x00, 0x00, 0x00, 0x00, 0x00, 0x00, 0x00, 0x00, 0x00, 0x00, 
    0x00, 0x00, 0x00, 0x00, 0x00, 0x00, 0x00, 0x00, 0x00, 0x00, 0x00, 0x00, 0x00, 0x00, 0x00, 0x00, 
    0x00, 0x00, 0x00, 0x00, 0x00, 0x00, 0x00, 0x00, 0x00, 0x00, 0x00, 0x00, 0x00, 0x00, 0x00, 0x00, 
    0x00, 0x00, 0x00, 0x00, 0x00, 0x00, 0x00, 0x00, 0x00, 0x00, 0x00, 0x00, 0x00, 0x00, 0x00, 0x00, 
    0x00, 0x00, 0x00, 0x00, 0x00, 0x00, 0x00, 0x00, 0x00, 0x00, 0x00, 0x00, 0x00, 0x00, 0x00, 0x00, 
    0x00, 0x00, 0x00, 0x00, 0x00, 0x00, 0x00, 0x00, 0x00, 0x00, 0x00, 0x00, 0x00, 0x00, 0x00, 0x00, 
    0x00, 0x00, 0x00, 0x00, 0x00, 0x00, 0x00, 0x00, 0x00, 0x00, 0x00, 0x00, 0x00, 0x00, 0x00, 0x00, 
    0x00, 0x00, 0x00, 0x00, 0x00, 0x00, 0x00, 0x00, 0x00, 0x00, 0x00, 0x00, 0x00, 0x00, 0x00, 0x00, 
    0x00, 0x00, 0x00, 0x00, 0x00, 0x00, 0x00, 0x00, 0x00, 0x00, 0x00, 0x00, 0x00, 0x00, 0x00, 0x00, 
    0x00, 0x00, 0x00, 0x00, 0x00, 0x00, 0x00, 0x00, 0x00, 0x00, 0x00, 0x00, 0x00, 0x00, 0x00, 0x00, 
    0x00, 0x00, 0x00, 0x00, 0x00, 0x00, 0x00, 0x00, 0x00, 0x00, 0x00, 0x00, 0x00, 0x00, 0x00, 0x00, 
    0x00, 0x00, 0x00, 0x00, 0x00, 0x00, 0x00, 0x00, 0x00, 0x00, 0x00, 0x00, 0x00, 0x00, 0x00, 0x00, 
    0x00, 0x00, 0x00, 0x00, 0x00, 0x00, 0x00, 0x00, 0x00, 0x00, 0x00, 0x00, 0x00, 0x00, 0x00, 0x00, 
    0x00, 0x00, 0x00, 0x00, 0x00, 0x00, 0x00, 0x00, 0x00, 0x00, 0x00, 0x00, 0x00, 0x00, 0x00, 0x00, 
    0x00, 0x00, 0x00, 0x00, 0x00, 0x00, 0x00, 0x00, 0x00, 0x00, 0x00, 0x00, 0x00, 0x00, 0x00, 0x00, 
    0x00, 0x00, 0x00, 0x00, 0x00, 0x00, 0x00, 0x00, 0x00, 0x00, 0x00, 0x00, 0x00, 0x00, 0x00, 0x00, 
    0x00, 0x00, 0x00, 0x00, 0x00, 0x00, 0x00, 0x00, 0x00, 0x00, 0x00, 0x00, 0x00, 0x00, 0x00, 0x00, 
    0x00, 0x00, 0x00, 0x00, 0x00, 0x00, 0x00, 0x00, 0x00, 0x00, 0x00, 0x00, 0x00, 0x00, 0x00, 0x00, 
    0x00, 0x00, 0x00, 0x00, 0x00, 0x00, 0x00, 0x00, 0x00, 0x00, 0x00, 0x00, 0x00, 0x00, 0x00, 0x00, 
    0x00, 0x00, 0x00, 0x00, 0x00, 0x00, 0x00, 0x00, 0x00, 0x00, 0x00, 0x00, 0x00, 0x00, 0x00, 0x00, 
    0x00, 0x00, 0x00, 0x00, 0x00, 0x00, 0x00, 0x00, 0x00, 0x00, 0x00, 0x00, 0x00, 0x00, 0x00, 0x00, 
    0x00, 0x00, 0x00, 0x00, 0x00, 0x00, 0x00, 0x00, 0x00, 0x00, 0x00, 0x00, 0x00, 0x00, 0x00, 0x00, 
    0x00, 0x00, 0x00, 0x00, 0x00, 0x00, 0x00, 0x00, 0x00, 0x00, 0x00, 0x00, 0x00, 0x00, 0x00, 0x00, 
    0x00, 0x00, 0x00, 0x00, 0x00, 0x00, 0x00, 0x00, 0x00, 0x00, 0x00, 0x00, 0x00, 0x00, 0x00, 0x00, 
    0x00, 0x00, 0x00, 0x00, 0x00, 0x00, 0x00, 0x00, 0x00, 0x00, 0x00, 0x00, 0x00, 0x00, 0x00, 0x00, 
    0x00, 0x00, 0x00, 0x00, 0x00, 0x00, 0x00, 0x00, 0x00, 0x00, 0x00, 0x00, 0x00, 0x00, 0x00, 0x00, 
    0x00, 0x00, 0x00, 0x00, 0x00, 0x00, 0x00, 0x00, 0x00, 0x00, 0x00, 0x00, 0x00, 0x00, 0x00, 0x00, 
    0x00, 0x00, 0x00, 0x00, 0x00, 0x00, 0x00, 0x00, 0x00, 0x00, 0x00, 0x00, 0x00, 0x00, 0x00, 0x00, 
    0x00, 0x00, 0x00, 0x00, 0x00, 0x00, 0x00, 0x00, 0x00, 0x00, 0x00, 0x00, 0x00, 0x00, 0x00, 0x00, 
    0x00, 0x00, 0x00, 0x00, 0x00, 0x00, 0x00, 0x00, 0x00, 0x00, 0x00, 0x00, 0x00, 0x00, 0x00, 0x00, 
    0x00, 0x00, 0x00, 0x00, 0x00, 0x00, 0x00, 0x00, 0x00, 0x00, 0x00, 0x00, 0x00, 0x00, 0x00, 0x00, 
    0x00, 0x00, 0x00, 0x00, 0x00, 0x00, 0x00, 0x00, 0x00, 0x00, 0x00, 0x00, 0x00, 0x00, 0x00, 0x00, 
    0x00, 0x00, 0x00, 0x00, 0x00, 0x00, 0x00, 0x00, 0x00, 0x00, 0x00, 0x00, 0x00, 0x00, 0x00, 0x00, 
    0x00, 0x00, 0x00, 0x00, 0x00, 0x00, 0x00, 0x00, 0x00, 0x00, 0x00, 0x00, 0x00, 0x00, 0x00, 0x00, 
    0x00, 0x00, 0x00, 0x00, 0x00, 0x00, 0x00, 0x00, 0x00, 0x00, 0x00, 0x00, 0x00, 0x00, 0x00, 0x00, 
    0x00, 0x00, 0x00, 0x00, 0x00, 0x00, 0x00, 0x00, 0x00, 0x00, 0x00, 0x00, 0x00, 0x00, 0x00, 0x00, 
    0x00, 0x00, 0x00, 0x00, 0x00, 0x00, 0x00, 0x00, 0x00, 0x00, 0x00, 0x00, 0x00, 0x00, 0x00, 0x00, 
    0x00, 0x00, 0x00, 0x00, 0x00, 0x00, 0x00, 0x00, 0x00, 0x00, 0x00, 0x00, 0x00, 0x00, 0x00, 0x00, 
    0x00, 0x00, 0x00, 0x00, 0x00, 0x00, 0x00, 0x00, 0x00, 0x00, 0x00, 0x00, 0x00, 0x00, 0x00, 0x00, 
    0x00, 0x00, 0x00, 0x00, 0x00, 0x00, 0x00, 0x00, 0x00, 0x00, 0x00, 0x00, 0x00, 0x00, 0x00, 0x00, 
    0x00, 0x00, 0x00, 0x00, 0x00, 0x00, 0x00, 0x00, 0x00, 0x00, 0x00, 0x00, 0x00, 0x00, 0x00, 0x00, 
    0x00, 0x00, 0x00, 0x00, 0x00, 0x00, 0x00, 0x00, 0x00, 0x00, 0x00, 0x00, 0x00, 0x00, 0x00, 0x00, 
    0x00, 0x00, 0x00, 0x00, 0x00, 0x00, 0x00, 0x00, 0x00, 0x00, 0x00, 0x00, 0x00, 0x00, 0x00, 0x00, 
    0x00, 0x00, 0x00, 0x00, 0x00, 0x00, 0x00, 0x00, 0x00, 0x00, 0x00, 0x00, 0x00, 0x00, 0x00, 0x00, 
    0x00, 0x00, 0x00, 0x00, 0x00, 0x00, 0x00, 0x00, 0x00, 0x00, 0x00, 0x00, 0x00, 0x00, 0x00, 0x00, 
    0x00, 0x00, 0x00, 0x00, 0x00, 0x00, 0x00, 0x00, 0x00, 0x00, 0x00, 0x00, 0x00, 0x00, 0x00, 0x00, 
    0x00, 0x00, 0x00, 0x00, 0x00, 0x00, 0x00, 0x00, 0x00, 0x00, 0x00, 0x00, 0x00, 0x00, 0x00, 0x00, 
    0x00, 0x00, 0x00, 0x00, 0x00, 0x00, 0x00, 0x00, 0x00, 0x00, 0x00, 0x00, 0x00, 0x00, 0x00, 0x00, 
    0x00, 0x00, 0x00, 0x00, 0x00, 0x00, 0x00, 0x00, 0x00, 0x00, 0x00, 0x00, 0x00, 0x00, 0x00, 0x00, 
    0x00, 0x00, 0x00, 0x00, 0x00, 0x00, 0x00, 0x00, 0x00, 0x00, 0x00, 0x00, 0x00, 0x00, 0x00, 0x00, 
    0x00, 0x00, 0x00, 0x00, 0x00, 0x00, 0x00, 0x00, 0x00, 0x00, 0x00, 0x00, 0x00, 0x00, 0x00, 0x00, 
    0x00, 0x00, 0x00, 0x00, 0x00, 0x00, 0x00, 0x00, 0x00, 0x00, 0x00, 0x00, 0x00, 0x00, 0x00, 0x00, 
    0x00, 0x00, 0x00, 0x00, 0x00, 0x00, 0x00, 0x00, 0x00, 0x00, 0x00, 0x00, 0x00, 0x00, 0x00, 0x00, 
    0x00, 0x00, 0x00, 0x00, 0x00, 0x00, 0x00, 0x00, 0x00, 0x00, 0x00, 0x00, 0x00, 0x00, 0x00, 0x00, 
    0x00, 0x00, 0x00, 0x00, 0x00, 0x00, 0x00, 0x00, 0x00, 0x00, 0x00, 0x00, 0x00, 0x00, 0x00, 0x00, 
    0x00, 0x00, 0x00, 0x00, 0x00, 0x00, 0x00, 0x00, 0x00, 0x00, 0x00, 0x00, 0x00, 0x00, 0x00, 0x00, 
    0x00, 0x00, 0x00, 0x00, 0x00, 0x00, 0x00, 0x00, 0x00, 0x00, 0x00, 0x00, 0x00, 0x00, 0x00, 0x00, 
    0x00, 0x00, 0x00, 0x00, 0x00, 0x00, 0x00, 0x00, 0x00, 0x00, 0x00, 0x00, 0x00, 0x00, 0x00, 0x00, 
    0x00, 0x00, 0x00, 0x00, 0x00, 0x00, 0x00, 0x00, 0x00, 0x00, 0x00, 0x00, 0x00, 0x00, 0x00, 0x00, 
    0x00, 0x00, 0x00, 0x00, 0x00, 0x00, 0x00, 0x00, 0x00, 0x00, 0x00, 0x00, 0x00, 0x00, 0x00, 0x00, 
    0x00, 0x00, 0x00, 0x00, 0x00, 0x00, 0x00, 0x00, 0x00, 0x00, 0x00, 0x00, 0x00, 0x00, 0x00, 0x00, 
    0x00, 0x00, 0x00, 0x00, 0x00, 0x00, 0x00, 0x00, 0x00, 0x00, 0x00, 0x00, 0x00, 0x00, 0x00, 0x00, 
    0x00, 0x00, 0x00, 0x00, 0x00, 0x00, 0x00, 0x00, 0x00, 0x00, 0x00, 0x00, 0x00, 0x00, 0x00, 0x00, 
    0x00, 0x00, 0x00, 0x00, 0x00, 0x00, 0x00, 0x00, 0x00, 0x00, 0x00, 0x00, 0x00, 0x00, 0x00, 0x00, 
    0x00, 0x00, 0x00, 0x00, 0x00, 0x00, 0x00, 0x00, 0x00, 0x00, 0x00, 0x00, 0x00, 0x00, 0x00, 0x00, 
    0x00, 0x00, 0x00, 0x00, 0x00, 0x00, 0x00, 0x00, 0x00, 0x00, 0x00, 0x00, 0x00, 0x00, 0x00, 0x00, 
    0x00, 0x00, 0x00, 0x00, 0x00, 0x00, 0x00, 0x00, 0x00, 0x00, 0x00, 0x00, 0x00, 0x00, 0x00, 0x00, 
    0x00, 0x00, 0x00, 0x00, 0x00, 0x00, 0x00, 0x00, 0x00, 0x00, 0x00, 0x00, 0x00, 0x00, 0x00, 0x00, 
    0x00, 0x00, 0x00, 0x00, 0x00, 0x00, 0x00, 0x00, 0x00, 0x00, 0x00, 0x00, 0x00, 0x00, 0x00, 0x00, 
    0x00, 0x00, 0x00, 0x00, 0x00, 0x00, 0x00, 0x00, 0x00, 0x00, 0x00, 0x00, 0x00, 0x00, 0x00, 0x00, 
    0x00, 0x00, 0x00, 0x00, 0x00, 0x00, 0x00, 0x00, 0x00, 0x00, 0x00, 0x00, 0x00, 0x00, 0x00, 0x00, 
    0x00, 0x00, 0x00, 0x00, 0x00, 0x00, 0x00, 0x00, 0x00, 0x00, 0x00, 0x00, 0x00, 0x00, 0x00, 0x00, 
    0x00, 0x00, 0x00, 0x00, 0x00, 0x00, 0x00, 0x00, 0x00, 0x00, 0x00, 0x00, 0x00, 0x00, 0x00, 0x00, 
    0x00, 0x00, 0x00, 0x00, 0x00, 0x00, 0x00, 0x00, 0x00, 0x00, 0x00, 0x00, 0x00, 0x00, 0x00, 0x00, 
    0x00, 0x00, 0x00, 0x00, 0x00, 0x00, 0x00, 0x00, 0x00, 0x00, 0x00, 0x00, 0x00, 0x00, 0x00, 0x00, 
    0x00, 0x00, 0x00, 0x00, 0x00, 0x00, 0x00, 0x00, 0x00, 0x00, 0x00, 0x00, 0x00, 0x00, 0x00, 0x00, 
    0x00, 0x00, 0x00, 0x00, 0x00, 0x00, 0x00, 0x00, 0x00, 0x00, 0x00, 0x00, 0x00, 0x00, 0x00, 0x00, 
    0x00, 0x00, 0x00, 0x00, 0x00, 0x00, 0x00, 0x00, 0x00, 0x00, 0x00, 0x00, 0x00, 0x00, 0x00, 0x00, 
    0x00, 0x00, 0x00, 0x00, 0x00, 0x00, 0x00, 0x00, 0x00, 0x00, 0x00, 0x00, 0x00, 0x00, 0x00, 0x00, 
    0x00, 0x00, 0x00, 0x00, 0x00, 0x00, 0x00, 0x00, 0x00, 0x00, 0x00, 0x00, 0x00, 0x00, 0x05, 0x05, 
    0x05, 0x37, 0x05, 0x05, 0x05, 0x37, 0x05, 0x05, 0x05, 0x37, 0x09, 0x09, 0x05, 0x37, 0x1C, 0x1C, 
    0x17, 0x37, 0x4A, 0x4A, 0x41, 0x37, 0x94, 0x94, 0x86, 0x37, 0xC3, 0xC3, 0xBE, 0x37, 0xD1, 0xD1, 
    0xD1, 0x37, 0xD1, 0xD1, 0xCC, 0x37, 0xD5, 0xD5, 0xD5, 0x37, 0xD5, 0xD5, 0xD5, 0x37, 0xB5, 0xB5, 
    0xB0, 0x37, 0xDA, 0xDA, 0xD5, 0x37, 0xEC, 0xEC, 0xE8, 0x37, 0xFA, 0xFA, 0xF6, 0x37, 0xF1, 0xF1, 
    0xF1, 0x37, 0xDF, 0xDF, 0xDF, 0x37, 0xD5, 0xD5, 0xD5, 0x37, 0xCC, 0xCC, 0xC7, 0x37, 0xBE, 0xBE, 
    0xC7, 0x37, 0x94, 0x90, 0x99, 0x37, 0xBE, 0xBE, 0xB9, 0x37, 0xC3, 0xC3, 0xBE, 0x37, 0xCC, 0xCC, 
    0xC7, 0x37, 0xB9, 0xB9, 0xB9, 0x37, 0x6F, 0x6F, 0x82, 0x37, 0x1C, 0x1C, 0x1C, 0x37, 0x20, 0x20, 
    0x20, 0x37, 0x41, 0x41, 0x3C, 0x37, 0x3C, 0x3C, 0x46, 0x37, 0x33, 0x33, 0x38, 0x37, 0x1C, 0x1C, 
    0x20, 0x37, 0x17, 0x17, 0x17, 0x37, 0x13, 0x13, 0x17, 0x37, 0x05, 0x05, 0x05, 0x37, 0x05, 0x05, 
    0x05, 0x37, 0x05, 0x05, 0x05, 0x37, 0x05, 0x05, 0x05, 0x37, 0x05, 0x05, 0x05, 0x37, 0x05, 0x05, 
    0x05, 0x37, 0x05, 0x05, 0x05, 0x37, 0x05, 0x05, 0x05, 0x37, 0x05, 0x05, 0x05, 0x37, 0x05, 0x05, 
    0x05, 0x37, 0x05, 0x05, 0x05, 0x37, 0x05, 0x05, 0x05, 0x37, 0x05, 0x05, 0x05, 0x37, 0x07, 0x07, 
    0x05, 0xFF, 0x22, 0x22, 0x1A, 0xFF, 0x58, 0x58, 0x50, 0xFF, 0x75, 0x75, 0x6F, 0xFF, 0x98, 0x98, 
    0x91, 0xFF, 0xB7, 0xB7, 0xB3, 0xFF, 0xC2, 0xC1, 0xBF, 0xFF, 0xD1, 0xD0, 0xCF, 0xFF, 0xC5, 0xC5, 
    0xCA, 0xFF, 0xC1, 0xC1, 0xB9, 0xFF, 0xD7, 0xD7, 0xD6, 0xFF, 0xD8, 0xD8, 0xD7, 0xFF, 0xD0, 0xD0, 
    0xD0, 0xFF, 0xDA, 0xDA, 0xD7, 0xFF, 0xF0, 0xF0, 0xED, 0xFF, 0xEF, 0xEF, 0xF0, 0xFF, 0xD5, 0xD5, 
    0xDA, 0xFF, 0xAA, 0xAA, 0xB2, 0xFF, 0x71, 0x71, 0x7B, 0xFF, 0x59, 0x59, 0x53, 0xFF, 0xAC, 0xAB, 
    0x9D, 0xFF, 0x8F, 0x8D, 0x97, 0xFF, 0xB9, 0xBA, 0xA8, 0xFF, 0xDF, 0xE0, 0xD8, 0xFF, 0xE1, 0xE2, 
    0xDE, 0xFF, 0xC9, 0xCA, 0xCE, 0xFF, 0xA3, 0xA3, 0xAB, 0xFF, 0x63, 0x63, 0x73, 0xFF, 0x24, 0x24, 
    0x2A, 0xFF, 0x31, 0x32, 0x2F, 0xFF, 0x4B, 0x4B, 0x4C, 0xFF, 0x3B, 0x3C, 0x3E, 0xFF, 0x2C, 0x2D, 
    0x34, 0xFF, 0x16, 0x16, 0x19, 0xFF, 0x17, 0x17, 0x18, 0xFF, 0x0A, 0x0A, 0x0E, 0xFF, 0x04, 0x04, 
    0x04, 0xFF, 0x03, 0x03, 0x03, 0xFF, 0x03, 0x03, 0x03, 0xFF, 0x03, 0x03, 0x03, 0xFF, 0x03, 0x03, 
    0x03, 0xFF, 0x03, 0x03, 0x03, 0xFF, 0x03, 0x03, 0x03, 0xFF, 0x03, 0x03, 0x03, 0xFF, 0x03, 0x03, 
    0x03, 0xFF, 0x03, 0x03, 0x03, 0xFF, 0x03, 0x03, 0x03, 0xFF, 0x03, 0x03, 0x03, 0xFF, 0x2F, 0x2F, 
    0x1D, 0xFF, 0xAB, 0xAB, 0x9D, 0xFF, 0xB5, 0xB5, 0xB7, 0xFF, 0xCE, 0xCE, 0xCB, 0xFF, 0xD1, 0xD1, 
    0xD0, 0xFF, 0xCE, 0xCE, 0xD0, 0xFF, 0xBB, 0xBA, 0xB9, 0xFF, 0xD8, 0xD8, 0xD7, 0xFF, 0xD4, 0xD4, 
    0xD4, 0xFF, 0xD5, 0xD5, 0xD3, 0xFF, 0xD7, 0xD7, 0xD5, 0xFF, 0xD3, 0xD3, 0xD2, 0xFF, 0xD2, 0xD2, 
    0xD1, 0xFF, 0xB9, 0xB9, 0xBF, 0xFF, 0x8C, 0x8C, 0x93, 0xFF, 0x64, 0x63, 0x69, 0xFF, 0x7A, 0x79, 
    0x7A, 0xFF, 0x42, 0x42, 0x55, 0xFF, 0x0D, 0x0D, 0x11, 0xFF, 0x0B, 0x0B, 0x09, 0xFF, 0x48, 0x48, 
    0x33, 0xFF, 0xC0, 0xC0, 0xB2, 0xFF, 0xC5, 0xC5, 0xC8, 0xFF, 0xA2, 0xA2, 0xA8, 0xFF, 0x89, 0x89, 
    0x8E, 0xFF, 0x68, 0x69, 0x71, 0xFF, 0x58, 0x58, 0x5D, 0xFF, 0x4C, 0x4D, 0x53, 0xFF, 0x35, 0x35, 
    0x3C, 0xFF, 0x28, 0x29, 0x2C, 0xFF, 0x38, 0x38, 0x33, 0xFF, 0x4C, 0x4E, 0x4D, 0xFF, 0x41, 0x42, 
    0x42, 0xFF, 0x2C, 0x2C, 0x34, 0xFF, 0x18, 0x18, 0x1A, 0xFF, 0x18, 0x18, 0x18, 0xFF, 0x09, 0x09, 
    0x0C, 0xFF, 0x03, 0x03, 0x04, 0xFF, 0x03, 0x03, 0x03, 0xFF, 0x03, 0x03, 0x03, 0xFF, 0x03, 0x03, 
    0x03, 0xFF, 0x03, 0x03, 0x03, 0xFF, 0x03, 0x03, 0x03, 0xFF, 0x03, 0x03, 0x03, 0xFF, 0x03, 0x03, 
    0x03, 0xFF, 0x03, 0x03, 0x03, 0xFF, 0x03, 0x03, 0x03, 0xFF, 0x03, 0x03, 0x03, 0xFF, 0x3F, 0x3F, 
    0x29, 0xFF, 0xB8, 0xB8, 0xAD, 0xFF, 0xB3, 0xB3, 0xB5, 0xFF, 0xD1, 0xD0, 0xCE, 0xFF, 0xD3, 0xD3, 
    0xD1, 0xFF, 0xD7, 0xD7, 0xD6, 0xFF, 0xD5, 0xD5, 0xD4, 0xFF, 0xD4, 0xD4, 0xD4, 0xFF, 0xC8, 0xC8, 
    0xC9, 0xFF, 0xC6, 0xC5, 0xC2, 0xFF, 0xC3, 0xC4, 0xC4, 0xFF, 0xBC, 0xBD, 0xBB, 0xFF, 0xC7, 0xC7, 
    0xC0, 0xFF, 0xAD, 0xAD, 0xB7, 0xFF, 0x3D, 0x3E, 0x50, 0xFF, 0x07, 0x07, 0x09, 0xFF, 0x2C, 0x2C, 
    0x21, 0xFF, 0x8C, 0x8C, 0x7B, 0xFF, 0x71, 0x71, 0x7D, 0xFF, 0x5E, 0x5E, 0x5F, 0xFF, 0x60, 0x60, 
    0x62, 0xFF, 0x5C, 0x5D, 0x60, 0xFF, 0x48, 0x4A, 0x51, 0xFF, 0x3A, 0x3B, 0x40, 0xFF, 0x3A, 0x3B, 
    0x3E, 0xFF, 0x3B, 0x3C, 0x3E, 0xFF, 0x41, 0x42, 0x45, 0xFF, 0x47, 0x48, 0x49, 0xFF, 0x4A, 0x4A, 
    0x4C, 0xFF, 0x3A, 0x3A, 0x40, 0xFF, 0x2C, 0x2C, 0x2E, 0xFF, 0x3D, 0x3E, 0x3B, 0xFF, 0x4D, 0x4D, 
    0x50, 0xFF, 0x3E, 0x3E, 0x42, 0xFF, 0x28, 0x28, 0x30, 0xFF, 0x18, 0x18, 0x19, 0xFF, 0x15, 0x15, 
    0x18, 0xFF, 0x06, 0x06, 0x09, 0xFF, 0x03, 0x03, 0x03, 0xFF, 0x03, 0x03, 0x03, 0xFF, 0x03, 0x03, 
    0x03, 0xFF, 0x03, 0x03, 0x03, 0xFF, 0x03, 0x03, 0x03, 0xFF, 0x03, 0x03, 0x03, 0xFF, 0x03, 0x03, 
    0x03, 0xFF, 0x03, 0x03, 0x03, 0xFF, 0x03, 0x03, 0x03, 0xFF, 0x03, 0x03, 0x03, 0xFF, 0x47, 0x47, 
    0x32, 0xFF, 0xB0, 0xB0, 0xAB, 0xFF, 0x9D, 0x9C, 0x9D, 0xFF, 0xD0, 0xD0, 0xCB, 0xFF, 0xCE, 0xCE, 
    0xCD, 0xFF, 0xC9, 0xC9, 0xCA, 0xFF, 0xCB, 0xCB, 0xCC, 0xFF, 0xAB, 0xAB, 0xB4, 0xFF, 0x8C, 0x8B, 
    0x91, 0xFF, 0x75, 0x73, 0x73, 0xFF, 0xCE, 0xCF, 0xBB, 0xFF, 0xE3, 0xE4, 0xDE, 0xFF, 0xE4, 0xE6, 
    0xE3, 0xFF, 0xD6, 0xD8, 0xD7, 0xFF, 0xBE, 0xC0, 0xC8, 0xFF, 0x7C, 0x7C, 0x81, 0xFF, 0x85, 0x85, 
    0x85, 0xFF, 0x72, 0x72, 0x7A, 0xFF, 0x52, 0x52, 0x5A, 0xFF, 0x3F, 0x40, 0x45, 0xFF, 0x3A, 0x3B, 
    0x3F, 0xFF, 0x35, 0x38, 0x3B, 0xFF, 0x33, 0x35, 0x38, 0xFF, 0x35, 0x36, 0x3A, 0xFF, 0x3A, 0x3B, 
    0x3E, 0xFF, 0x40, 0x42, 0x44, 0xFF, 0x46, 0x46, 0x48, 0xFF, 0x4D, 0x4D, 0x4E, 0xFF, 0x52, 0x52, 
    0x53, 0xFF, 0x51, 0x51, 0x53, 0xFF, 0x3D, 0x3D, 0x44, 0xFF, 0x2E, 0x2E, 0x31, 0xFF, 0x41, 0x41, 
    0x3B, 0xFF, 0x4D, 0x4D, 0x51, 0xFF, 0x41, 0x41, 0x45, 0xFF, 0x20, 0x20, 0x2B, 0xFF, 0x1B, 0x1B, 
    0x1C, 0xFF, 0x18, 0x18, 0x1C, 0xFF, 0x05, 0x05, 0x07, 0xFF, 0x03, 0x03, 0x03, 0xFF, 0x03, 0x03, 
    0x03, 0xFF, 0x03, 0x03, 0x03, 0xFF, 0x03, 0x03, 0x03, 0xFF, 0x03, 0x03, 0x03, 0xFF, 0x03, 0x03, 
    0x03, 0xFF, 0x03, 0x03, 0x03, 0xFF, 0x03, 0x03, 0x03, 0xFF, 0x03, 0x03, 0x03, 0xFF, 0x4A, 0x4A, 
    0x33, 0xFF, 0xA3, 0xA3, 0x9F, 0xFF, 0x95, 0x95, 0x99, 0xFF, 0x81, 0x82, 0x86, 0xFF, 0x94, 0x94, 
    0x8E, 0xFF, 0xBF, 0xBF, 0xB7, 0xFF, 0xD4, 0xD5, 0xCF, 0xFF, 0xD8, 0xD9, 0xD8, 0xFF, 0xBB, 0xBB, 
    0xBF, 0xFF, 0xA3, 0xA3, 0xA4, 0xFF, 0xA3, 0xA2, 0xA3, 0xFF, 0x93, 0x93, 0x96, 0xFF, 0x7B, 0x7B, 
    0x82, 0xFF, 0x62, 0x62, 0x66, 0xFF, 0x56, 0x56, 0x59, 0xFF, 0x4C, 0x4C, 0x4F, 0xFF, 0x45, 0x45, 
    0x48, 0xFF, 0x44, 0x44, 0x46, 0xFF, 0x41, 0x41, 0x44, 0xFF, 0x3F, 0x3F, 0x42, 0xFF, 0x3A, 0x3C, 
    0x40, 0xFF, 0x39, 0x3B, 0x3F, 0xFF, 0x3A, 0x3C, 0x3F, 0xFF, 0x3D, 0x3E, 0x41, 0xFF, 0x42, 0x44, 
    0x46, 0xFF, 0x49, 0x4A, 0x4C, 0xFF, 0x50, 0x50, 0x52, 0xFF, 0x54, 0x54, 0x55, 0xFF, 0x54, 0x54, 
    0x56, 0xFF, 0x55, 0x55, 0x56, 0xFF, 0x51, 0x51, 0x54, 0xFF, 0x3F, 0x3F, 0x44, 0xFF, 0x32, 0x32, 
    0x34, 0xFF, 0x43, 0x43, 0x40, 0xFF, 0x42, 0x42, 0x46, 0xFF, 0x3A, 0x3B, 0x40, 0xFF, 0x22, 0x22, 
    0x29, 0xFF, 0x24, 0x24, 0x22, 0xFF, 0x32, 0x32, 0x31, 0xFF, 0x30, 0x30, 0x34, 0xFF, 0x07, 0x07, 
    0x0C, 0xFF, 0x03, 0x03, 0x03, 0xFF, 0x03, 0x03, 0x03, 0xFF, 0x03, 0x03, 0x03, 0xFF, 0x03, 0x03, 
    0x03, 0xFF, 0x03, 0x03, 0x03, 0xFF, 0x03, 0x03, 0x03, 0xFF, 0x03, 0x03, 0x03, 0xFF, 0x0E, 0x0E, 
    0x0A, 0xFF, 0x26, 0x26, 0x22, 0xFF, 0x3E, 0x3E, 0x3A, 0xFF, 0x46, 0x46, 0x48, 0xFF, 0x52, 0x52, 
    0x50, 0xFF, 0x7C, 0x7D, 0x74, 0xFF, 0x9F, 0xA1, 0x9D, 0xFF, 0x9C, 0x9D, 0x9E, 0xFF, 0x7E, 0x7E, 
    0x85, 0xFF, 0x53, 0x55, 0x5C, 0xFF, 0x39, 0x3C, 0x41, 0xFF, 0x34, 0x36, 0x39, 0xFF, 0x36, 0x37, 
    0x39, 0xFF, 0x38, 0x38, 0x39, 0xFF, 0x3D, 0x3D, 0x3D, 0xFF, 0x41, 0x41, 0x43, 0xFF, 0x44, 0x44, 
    0x46, 0xFF, 0x45, 0x45, 0x47, 0xFF, 0x43, 0x43, 0x45, 0xFF, 0x41, 0x41, 0x43, 0xFF, 0x3E, 0x3F, 
    0x42, 0xFF, 0x3D, 0x3F, 0x42, 0xFF, 0x3F, 0x41, 0x44, 0xFF, 0x44, 0x46, 0x48, 0xFF, 0x4A, 0x4C, 
    0x4F, 0xFF, 0x51, 0x52, 0x52, 0xFF, 0x57, 0x57, 0x59, 0xFF, 0x5B, 0x5B, 0x5C, 0xFF, 0x59, 0x59, 
    0x5B, 0xFF, 0x57, 0x57, 0x59, 0xFF, 0x53, 0x53, 0x56, 0xFF, 0x4F, 0x4F, 0x52, 0xFF, 0x3D, 0x3D, 
    0x42, 0xFF, 0x37, 0x37, 0x38, 0xFF, 0x44, 0x45, 0x45, 0xFF, 0x36, 0x37, 0x3E, 0xFF, 0x34, 0x34, 
    0x37, 0xFF, 0x26, 0x26, 0x26, 0xFF, 0x65, 0x67, 0x53, 0xFF, 0xB0, 0xB0, 0xB1, 0xFF, 0x3F, 0x3E, 
    0x5A, 0xFF, 0x06, 0x06, 0x09, 0xFF, 0x03, 0x03, 0x03, 0xFF, 0x03, 0x03, 0x03, 0xFF, 0x03, 0x03, 
    0x03, 0xFF, 0x03, 0x03, 0x03, 0xFF, 0x03, 0x03, 0x03, 0xFF, 0x03, 0x03, 0x03, 0xFF, 0x03, 0x03, 
    0x03, 0xFF, 0x03, 0x03, 0x03, 0xFF, 0x07, 0x07, 0x06, 0xFF, 0x26, 0x26, 0x20, 0xFF, 0x43, 0x43, 
    0x42, 0xFF, 0x49, 0x49, 0x4D, 0xFF, 0x39, 0x39, 0x3D, 0xFF, 0x35, 0x35, 0x39, 0xFF, 0x33, 0x33, 
    0x35, 0xFF, 0x31, 0x32, 0x35, 0xFF, 0x31, 0x31, 0x34, 0xFF, 0x31, 0x32, 0x35, 0xFF, 0x33, 0x33, 
    0x35, 0xFF, 0x38, 0x38, 0x39, 0xFF, 0x3E, 0x3E, 0x3F, 0xFF, 0x44, 0x44, 0x45, 0xFF, 0x49, 0x49, 
    0x4A, 0xFF, 0x4A, 0x4A, 0x4C, 0xFF, 0x46, 0x46, 0x49, 0xFF, 0x44, 0x44, 0x45, 0xFF, 0x40, 0x42, 
    0x44, 0xFF, 0x40, 0x42, 0x46, 0xFF, 0x45, 0x46, 0x48, 0xFF, 0x4A, 0x4B, 0x4E, 0xFF, 0x51, 0x51, 
    0x52, 0xFF, 0x57, 0x57, 0x57, 0xFF, 0x5A, 0x5A, 0x5B, 0xFF, 0x5C, 0x5C, 0x5E, 0xFF, 0x55, 0x55, 
    0x59, 0xFF, 0x52, 0x52, 0x56, 0xFF, 0x4D, 0x4D, 0x4F, 0xFF, 0x4B, 0x4B, 0x4E, 0xFF, 0x47, 0x47, 
    0x4A, 0xFF, 0x3C, 0x3C, 0x3F, 0xFF, 0x42, 0x43, 0x40, 0xFF, 0x4E, 0x4F, 0x52, 0xFF, 0x3D, 0x3E, 
    0x41, 0xFF, 0x40, 0x41, 0x47, 0xFF, 0x69, 0x6C, 0x57, 0xFF, 0xC3, 0xC3, 0xBF, 0xFF, 0x99, 0x98, 
    0xA1, 0xFF, 0x31, 0x31, 0x45, 0xFF, 0x05, 0x05, 0x07, 0xFF, 0x03, 0x03, 0x03, 0xFF, 0x03, 0x03, 
    0x03, 0xFF, 0x03, 0x03, 0x03, 0xFF, 0x03, 0x03, 0x03, 0xFF, 0x03, 0x03, 0x03, 0xFF, 0x03, 0x03, 
    0x03, 0xFF, 0x03, 0x03, 0x03, 0xFF, 0x03, 0x03, 0x03, 0xFF, 0x05, 0x05, 0x04, 0xFF, 0x11, 0x11, 
    0x0D, 0xFF, 0x2E, 0x2E, 0x29, 0xFF, 0x47, 0x47, 0x46, 0xFF, 0x42, 0x42, 0x48, 0xFF, 0x35, 0x36, 
    0x39, 0xFF, 0x31, 0x33, 0x37, 0xFF, 0x31, 0x33, 0x36, 0xFF, 0x31, 0x33, 0x35, 0xFF, 0x34, 0x35, 
    0x37, 0xFF, 0x39, 0x39, 0x3B, 0xFF, 0x40, 0x41, 0x41, 0xFF, 0x48, 0x48, 0x49, 0xFF, 0x4E, 0x4E, 
    0x50, 0xFF, 0x50, 0x50, 0x52, 0xFF, 0x4B, 0x4B, 0x4E, 0xFF, 0x45, 0x45, 0x49, 0xFF, 0x42, 0x43, 
    0x45, 0xFF, 0x41, 0x43, 0x46, 0xFF, 0x44, 0x46, 0x48, 0xFF, 0x49, 0x4A, 0x4D, 0xFF, 0x4F, 0x50, 
    0x51, 0xFF, 0x54, 0x54, 0x55, 0xFF, 0x54, 0x54, 0x56, 0xFF, 0x52, 0x52, 0x55, 0xFF, 0x4E, 0x4F, 
    0x54, 0xFF, 0x49, 0x4B, 0x4F, 0xFF, 0x46, 0x48, 0x4A, 0xFF, 0x42, 0x43, 0x47, 0xFF, 0x3E, 0x3F, 
    0x43, 0xFF, 0x3B, 0x3C, 0x3F, 0xFF, 0x3D, 0x3D, 0x3D, 0xFF, 0x55, 0x56, 0x52, 0xFF, 0x53, 0x54, 
    0x5A, 0xFF, 0x4D, 0x4E, 0x4B, 0xFF, 0x6F, 0x70, 0x6B, 0xFF, 0xBB, 0xBB, 0xB5, 0xFF, 0x9D, 0x9C, 
    0xA3, 0xFF, 0x77, 0x77, 0x89, 0xFF, 0x11, 0x11, 0x1A, 0xFF, 0x03, 0x03, 0x03, 0xFF, 0x03, 0x03, 
    0x03, 0xFF, 0x03, 0x03, 0x03, 0xFF, 0x03, 0x03, 0x03, 0xFF, 0x03, 0x03, 0x03, 0xFF, 0x03, 0x03, 
    0x03, 0xFF, 0x03, 0x03, 0x03, 0xFF, 0x03, 0x03, 0x03, 0xFF, 0x03, 0x03, 0x03, 0xFF, 0x03, 0x03, 
    0x03, 0xFF, 0x04, 0x04, 0x04, 0xFF, 0x11, 0x11, 0x0D, 0xFF, 0x40, 0x40, 0x36, 0xFF, 0x50, 0x51, 
    0x54, 0xFF, 0x39, 0x3B, 0x41, 0xFF, 0x30, 0x34, 0x38, 0xFF, 0x32, 0x34, 0x35, 0xFF, 0x37, 0x38, 
    0x38, 0xFF, 0x3B, 0x3B, 0x3C, 0xFF, 0x46, 0x46, 0x46, 0xFF, 0x52, 0x52, 0x52, 0xFF, 0x57, 0x57, 
    0x59, 0xFF, 0x56, 0x56, 0x58, 0xFF, 0x50, 0x50, 0x53, 0xFF, 0x47, 0x48, 0x4B, 0xFF, 0x43, 0x43, 
    0x47, 0xFF, 0x40, 0x40, 0x44, 0xFF, 0x40, 0x41, 0x44, 0xFF, 0x42, 0x44, 0x47, 0xFF, 0x47, 0x48, 
    0x4B, 0xFF, 0x4A, 0x4B, 0x4F, 0xFF, 0x48, 0x48, 0x4C, 0xFF, 0x44, 0x44, 0x49, 0xFF, 0x3F, 0x40, 
    0x44, 0xFF, 0x3B, 0x3D, 0x41, 0xFF, 0x38, 0x3A, 0x3E, 0xFF, 0x36, 0x37, 0x3C, 0xFF, 0x34, 0x36, 
    0x3A, 0xFF, 0x32, 0x34, 0x38, 0xFF, 0x30, 0x31, 0x35, 0xFF, 0x43, 0x44, 0x3E, 0xFF, 0x5A, 0x5A, 
    0x5C, 0xFF, 0x46, 0x46, 0x52, 0xFF, 0x58, 0x59, 0x4E, 0xFF, 0xBA, 0xBA, 0xB3, 0xFF, 0x9E, 0x9E, 
    0xA5, 0xFF, 0x81, 0x81, 0x90, 0xFF, 0x20, 0x20, 0x28, 0xFF, 0x05, 0x05, 0x07, 0xFF, 0x03, 0x03, 
    0x03, 0xFF, 0x03, 0x03, 0x03, 0xFF, 0x03, 0x03, 0x03, 0xFF, 0x03, 0x03, 0x03, 0xFF, 0x03, 0x03, 
    0x03, 0xFF, 0x03, 0x03, 0x03, 0xFF, 0x03, 0x03, 0x03, 0xFF, 0x03, 0x03, 0x03, 0xFF, 0x03, 0x03, 
    0x03, 0xFF, 0x03, 0x03, 0x03, 0xFF, 0x03, 0x03, 0x03, 0xFF, 0x05, 0x05, 0x05, 0xFF, 0x1F, 0x1F, 
    0x19, 0xFF, 0x3E, 0x3F, 0x3D, 0xFF, 0x41, 0x43, 0x47, 0xFF, 0x37, 0x3A, 0x3F, 0xFF, 0x34, 0x37, 
    0x39, 0xFF, 0x3C, 0x3D, 0x3E, 0xFF, 0x4B, 0x4B, 0x4A, 0xFF, 0x5A, 0x5A, 0x58, 0xFF, 0x62, 0x63, 
    0x64, 0xFF, 0x5E, 0x5E, 0x62, 0xFF, 0x52, 0x52, 0x56, 0xFF, 0x47, 0x48, 0x4C, 0xFF, 0x3F, 0x40, 
    0x45, 0xFF, 0x3B, 0x3B, 0x40, 0xFF, 0x3A, 0x3A, 0x3E, 0xFF, 0x3A, 0x39, 0x3E, 0xFF, 0x3A, 0x3A, 
    0x3E, 0xFF, 0x39, 0x3B, 0x3E, 0xFF, 0x37, 0x38, 0x3D, 0xFF, 0x34, 0x34, 0x39, 0xFF, 0x31, 0x32, 
    0x36, 0xFF, 0x2F, 0x30, 0x34, 0xFF, 0x2D, 0x2D, 0x32, 0xFF, 0x2B, 0x2C, 0x30, 0xFF, 0x2C, 0x2C, 
    0x2F, 0xFF, 0x28, 0x28, 0x2E, 0xFF, 0x27, 0x28, 0x2C, 0xFF, 0x25, 0x26, 0x2A, 0xFF, 0x38, 0x39, 
    0x39, 0xFF, 0x3F, 0x3F, 0x43, 0xFF, 0x39, 0x3A, 0x3C, 0xFF, 0x91, 0x91, 0x81, 0xFF, 0x9F, 0x9F, 
    0xA6, 0xFF, 0x9F, 0x9D, 0xA2, 0xFF, 0x6E, 0x69, 0x76, 0xFF, 0x23, 0x23, 0x31, 0xFF, 0x04, 0x04, 
    0x06, 0xFF, 0x03, 0x03, 0x03, 0xFF, 0x03, 0x03, 0x03, 0xFF, 0x03, 0x03, 0x03, 0xFF, 0x03, 0x03, 
    0x03, 0xFF, 0x03, 0x03, 0x03, 0xFF, 0x03, 0x03, 0x03, 0xFF, 0x03, 0x03, 0x03, 0xFF, 0x03, 0x03, 
    0x03, 0xFF, 0x03, 0x03, 0x03, 0xFF, 0x03, 0x03, 0x03, 0xFF, 0x03, 0x03, 0x03, 0xFF, 0x04, 0x04, 
    0x03, 0xFF, 0x0A, 0x0A, 0x08, 0xFF, 0x1F, 0x1F, 0x1B, 0xFF, 0x3B, 0x3C, 0x3A, 0xFF, 0x3F, 0x40, 
    0x45, 0xFF, 0x3F, 0x3F, 0x42, 0xFF, 0x50, 0x50, 0x4E, 0xFF, 0x67, 0x68, 0x64, 0xFF, 0x6E, 0x6F, 
    0x6F, 0xFF, 0x66, 0x66, 0x69, 0xFF, 0x53, 0x53, 0x58, 0xFF, 0x43, 0x43, 0x48, 0xFF, 0x39, 0x3A, 
    0x3F, 0xFF, 0x34, 0x34, 0x39, 0xFF, 0x30, 0x31, 0x35, 0xFF, 0x30, 0x30, 0x35, 0xFF, 0x2D, 0x2E, 
    0x32, 0xFF, 0x2B, 0x2D, 0x30, 0xFF, 0x2A, 0x2B, 0x2F, 0xFF, 0x28, 0x28, 0x2D, 0xFF, 0x26, 0x26, 
    0x2B, 0xFF, 0x24, 0x23, 0x28, 0xFF, 0x22, 0x23, 0x26, 0xFF, 0x23, 0x24, 0x29, 0xFF, 0x23, 0x22, 
    0x26, 0xFF, 0x23, 0x24, 0x29, 0xFF, 0x1E, 0x1F, 0x24, 0xFF, 0x1B, 0x1B, 0x1F, 0xFF, 0x1C, 0x1C, 
    0x20, 0xFF, 0x25, 0x24, 0x25, 0xFF, 0x33, 0x33, 0x32, 0xFF, 0x75, 0x75, 0x5F, 0xFF, 0xAE, 0xAE, 
    0xB8, 0xFF, 0xB3, 0xAB, 0xB2, 0xFF, 0x75, 0x69, 0x80, 0xFF, 0x4B, 0x45, 0x52, 0xFF, 0x07, 0x07, 
    0x0D, 0xFF, 0x03, 0x03, 0x03, 0xFF, 0x03, 0x03, 0x03, 0xFF, 0x03, 0x03, 0x03, 0xFF, 0x03, 0x03, 
    0x03, 0xFF, 0x03, 0x03, 0x03, 0xFF, 0x03, 0x03, 0x03, 0xFF, 0x03, 0x03, 0x03, 0xFF, 0x03, 0x03, 
    0x03, 0xFF, 0x03, 0x03, 0x03, 0xFF, 0x03, 0x03, 0x03, 0xFF, 0x03, 0x03, 0x03, 0xFF, 0x03, 0x03, 
    0x03, 0xFF, 0x03, 0x03, 0x03, 0xFF, 0x03, 0x03, 0x03, 0xFF, 0x09, 0x09, 0x07, 0xFF, 0x26, 0x26, 
    0x1F, 0xFF, 0x43, 0x44, 0x41, 0xFF, 0x63, 0x63, 0x5F, 0xFF, 0x77, 0x78, 0x74, 0xFF, 0x7C, 0x7C, 
    0x7E, 0xFF, 0x69, 0x69, 0x6E, 0xFF, 0x4D, 0x4E, 0x55, 0xFF, 0x3A, 0x3A, 0x40, 0xFF, 0x31, 0x33, 
    0x37, 0xFF, 0x2C, 0x2D, 0x32, 0xFF, 0x27, 0x28, 0x2D, 0xFF, 0x24, 0x25, 0x29, 0xFF, 0x22, 0x22, 
    0x27, 0xFF, 0x21, 0x22, 0x27, 0xFF, 0x1E, 0x20, 0x24, 0xFF, 0x1D, 0x1F, 0x23, 0xFF, 0x1F, 0x20, 
    0x25, 0xFF, 0x1B, 0x1B, 0x20, 0xFF, 0x1A, 0x1A, 0x1F, 0xFF, 0x1C, 0x1C, 0x20, 0xFF, 0x1C, 0x1D, 
    0x22, 0xFF, 0x18, 0x19, 0x1D, 0xFF, 0x17, 0x18, 0x1C, 0xFF, 0x1E, 0x1E, 0x20, 0xFF, 0x18, 0x16, 
    0x1B, 0xFF, 0x17, 0x14, 0x18, 0xFF, 0x29, 0x29, 0x25, 0xFF, 0x6D, 0x6D, 0x5B, 0xFF, 0xC4, 0xC4, 
    0xC6, 0xFF, 0xB6, 0xAD, 0xB5, 0xFF, 0x62, 0x55, 0x75, 0xFF, 0x72, 0x68, 0x6C, 0xFF, 0x18, 0x15, 
    0x26, 0xFF, 0x03, 0x03, 0x03, 0xFF, 0x03, 0x03, 0x03, 0xFF, 0x03, 0x03, 0x03, 0xFF, 0x03, 0x03, 
    0x03, 0xFF, 0x03, 0x03, 0x03, 0xFF, 0x03, 0x03, 0x03, 0xFF, 0x03, 0x03, 0x03, 0xFF, 0x03, 0x03, 
    0x03, 0xFF, 0x03, 0x03, 0x03, 0xFF, 0x03, 0x03, 0x03, 0xFF, 0x03, 0x03, 0x03, 0xFF, 0x03, 0x03, 
    0x03, 0xFF, 0x03, 0x03, 0x03, 0xFF, 0x03, 0x03, 0x03, 0xFF, 0x03, 0x03, 0x03, 0xFF, 0x04, 0x04, 
    0x04, 0xFF, 0x28, 0x28, 0x1A, 0xFF, 0x8D, 0x8D, 0x85, 0xFF, 0x8A, 0x8A, 0x8E, 0xFF, 0x83, 0x84, 
    0x85, 0xFF, 0x6A, 0x6B, 0x73, 0xFF, 0x41, 0x41, 0x4A, 0xFF, 0x2E, 0x2F, 0x35, 0xFF, 0x29, 0x2A, 
    0x2F, 0xFF, 0x25, 0x26, 0x2A, 0xFF, 0x22, 0x23, 0x27, 0xFF, 0x1D, 0x1E, 0x23, 0xFF, 0x1D, 0x1D, 
    0x21, 0xFF, 0x1A, 0x1C, 0x21, 0xFF, 0x1A, 0x1B, 0x1F, 0xFF, 0x18, 0x1A, 0x1E, 0xFF, 0x18, 0x19, 
    0x1D, 0xFF, 0x1A, 0x1A, 0x1E, 0xFF, 0x18, 0x18, 0x1C, 0xFF, 0x18, 0x18, 0x1C, 0xFF, 0x1A, 0x1A, 
    0x1E, 0xFF, 0x1A, 0x1A, 0x1E, 0xFF, 0x19, 0x19, 0x1D, 0xFF, 0x18, 0x18, 0x1C, 0xFF, 0x1A, 0x18, 
    0x1C, 0xFF, 0x1A, 0x18, 0x1B, 0xFF, 0x24, 0x23, 0x23, 0xFF, 0x60, 0x60, 0x4E, 0xFF, 0xC8, 0xC8, 
    0xC6, 0xFF, 0xB4, 0xAB, 0xB3, 0xFF, 0x81, 0x73, 0x92, 0xFF, 0x40, 0x3F, 0x49, 0xFF, 0x0C, 0x0B, 
    0x12, 0xFF, 0x03, 0x03, 0x03, 0xFF, 0x03, 0x03, 0x03, 0xFF, 0x03, 0x03, 0x03, 0xFF, 0x03, 0x03, 
    0x03, 0xFF, 0x03, 0x03, 0x03, 0xFF, 0x03, 0x03, 0x03, 0xFF, 0x03, 0x03, 0x03, 0xFF, 0x03, 0x03, 
    0x03, 0xFF, 0x03, 0x03, 0x03, 0xFF, 0x03, 0x03, 0x03, 0xFF, 0x03, 0x03, 0x03, 0xFF, 0x03, 0x03, 
    0x03, 0xFF, 0x03, 0x03, 0x03, 0xFF, 0x03, 0x03, 0x03, 0xFF, 0x03, 0x03, 0x03, 0xFF, 0x03, 0x03, 
    0x03, 0xFF, 0x2A, 0x2A, 0x18, 0xFF, 0xC0, 0xC0, 0xAE, 0xFF, 0xD3, 0xD3, 0xD7, 0xFF, 0x98, 0x98, 
    0xA3, 0xFF, 0x66, 0x66, 0x6F, 0xFF, 0x34, 0x35, 0x3F, 0xFF, 0x24, 0x25, 0x2B, 0xFF, 0x20, 0x21, 
    0x25, 0xFF, 0x1E, 0x1F, 0x23, 0xFF, 0x1C, 0x1C, 0x21, 0xFF, 0x33, 0x34, 0x2E, 0xFF, 0x6C, 0x6C, 
    0x6F, 0xFF, 0x24, 0x25, 0x35, 0xFF, 0x18, 0x19, 0x1D, 0xFF, 0x18, 0x1A, 0x1E, 0xFF, 0x18, 0x19, 
    0x1D, 0xFF, 0x18, 0x19, 0x1C, 0xFF, 0x1C, 0x1C, 0x1E, 0xFF, 0x1C, 0x1C, 0x21, 0xFF, 0x1B, 0x1B, 
    0x1F, 0xFF, 0x24, 0x24, 0x25, 0xFF, 0x3A, 0x3A, 0x3A, 0xFF, 0x53, 0x54, 0x51, 0xFF, 0x73, 0x73, 
    0x6D, 0xFF, 0x86, 0x85, 0x83, 0xFF, 0x7D, 0x7D, 0x7E, 0xFF, 0x7F, 0x7F, 0x77, 0xFF, 0xC9, 0xC9, 
    0xC4, 0xFF, 0xA6, 0xA1, 0xA9, 0xFF, 0x48, 0x42, 0x64, 0xFF, 0x09, 0x09, 0x0B, 0xFF, 0x04, 0x04, 
    0x04, 0xFF, 0x03, 0x03, 0x03, 0xFF, 0x03, 0x03, 0x03, 0xFF, 0x03, 0x03, 0x03, 0xFF, 0x03, 0x03, 
    0x03, 0xFF, 0x03, 0x03, 0x03, 0xFF, 0x03, 0x03, 0x03, 0xFF, 0x03, 0x03, 0x03, 0xFF, 0x03, 0x03, 
    0x03, 0xFF, 0x03, 0x03, 0x03, 0xFF, 0x03, 0x03, 0x03, 0xFF, 0x03, 0x03, 0x03, 0xFF, 0x03, 0x03, 
    0x03, 0xFF, 0x03, 0x03, 0x03, 0xFF, 0x03, 0x03, 0x03, 0xFF, 0x03, 0x03, 0x03, 0xFF, 0x03, 0x03, 
    0x03, 0xFF, 0x17, 0x17, 0x0D, 0xFF, 0x9D, 0x9D, 0x84, 0xFF, 0xDD, 0xDD, 0xDB, 0xFF, 0xDA, 0xDA, 
    0xDC, 0xFF, 0x9B, 0x9B, 0xB2, 0xFF, 0x2C, 0x2D, 0x39, 0xFF, 0x29, 0x2B, 0x2F, 0xFF, 0x22, 0x23, 
    0x29, 0xFF, 0x1F, 0x1F, 0x24, 0xFF, 0x1D, 0x1D, 0x22, 0xFF, 0x3F, 0x3F, 0x39, 0xFF, 0x8C, 0x8A, 
    0x8D, 0xFF, 0x3A, 0x3B, 0x53, 0xFF, 0x2B, 0x2B, 0x2D, 0xFF, 0x35, 0x35, 0x35, 0xFF, 0x3E, 0x3F, 
    0x40, 0xFF, 0x48, 0x49, 0x49, 0xFF, 0x55, 0x55, 0x55, 0xFF, 0x6F, 0x6E, 0x6A, 0xFF, 0x99, 0x99, 
    0x92, 0xFF, 0xAB, 0xAB, 0xA9, 0xFF, 0xAC, 0xAC, 0xB4, 0xFF, 0x51, 0x51, 0x64, 0xFF, 0x27, 0x27, 
    0x2C, 0xFF, 0x13, 0x13, 0x15, 0xFF, 0x07, 0x07, 0x08, 0xFF, 0x24, 0x24, 0x12, 0xFF, 0xC4, 0xC3, 
    0xB3, 0xFF, 0xA3, 0xA1, 0xA4, 0xFF, 0x4B, 0x45, 0x6E, 0xFF, 0x04, 0x04, 0x04, 0xFF, 0x03, 0x03, 
    0x03, 0xFF, 0x03, 0x03, 0x03, 0xFF, 0x03, 0x03, 0x03, 0xFF, 0x03, 0x03, 0x03, 0xFF, 0x03, 0x03, 
    0x03, 0xFF, 0x03, 0x03, 0x03, 0xFF, 0x03, 0x03, 0x03, 0xFF, 0x03, 0x03, 0x03, 0xFF, 0x03, 0x03, 
    0x03, 0xFF, 0x03, 0x03, 0x03, 0xFF, 0x03, 0x03, 0x03, 0xFF, 0x03, 0x03, 0x03, 0xFF, 0x03, 0x03, 
    0x03, 0xFF, 0x03, 0x03, 0x03, 0xFF, 0x03, 0x03, 0x03, 0xFF, 0x03, 0x03, 0x03, 0xFF, 0x03, 0x03, 
    0x03, 0xFF, 0x07, 0x07, 0x04, 0xFF, 0x6C, 0x6C, 0x4B, 0xFF, 0xD3, 0xD3, 0xD0, 0xFF, 0xD7, 0xD7, 
    0xD6, 0xFF, 0xA5, 0xA5, 0xBE, 0xFF, 0x0B, 0x0B, 0x1A, 0xFF, 0x19, 0x19, 0x16, 0xFF, 0x2C, 0x2D, 
    0x2C, 0xFF, 0x2C, 0x2D, 0x32, 0xFF, 0x2E, 0x2E, 0x2E, 0xFF, 0x50, 0x50, 0x4E, 0xFF, 0x6B, 0x67, 
    0x6A, 0xFF, 0x73, 0x74, 0x79, 0xFF, 0x73, 0x73, 0x74, 0xFF, 0x71, 0x71, 0x71, 0xFF, 0x5B, 0x5C, 
    0x62, 0xFF, 0x37, 0x37, 0x3B, 0xFF, 0x29, 0x29, 0x2A, 0xFF, 0x36, 0x36, 0x2F, 0xFF, 0x8D, 0x8D, 
    0x7C, 0xFF, 0xA4, 0xA4, 0xA5, 0xFF, 0x7D, 0x7E, 0x90, 0xFF, 0x07, 0x07, 0x13, 0xFF, 0x03, 0x03, 
    0x03, 0xFF, 0x03, 0x03, 0x03, 0xFF, 0x07, 0x07, 0x05, 0xFF, 0x30, 0x2F, 0x1F, 0xFF, 0xC0, 0xC0, 
    0xAF, 0xFF, 0xAF, 0xAA, 0xAC, 0xFF, 0x80, 0x61, 0x9B, 0xFF, 0x0F, 0x06, 0x1D, 0xFF, 0x03, 0x03, 
    0x03, 0xFF, 0x03, 0x03, 0x03, 0xFF, 0x03, 0x03, 0x03, 0xFF, 0x03, 0x03, 0x03, 0xFF, 0x03, 0x03, 
    0x03, 0xFF, 0x03, 0x03, 0x03, 0xFF, 0x03, 0x03, 0x03, 0xFF, 0x03, 0x03, 0x03, 0xFF, 0x03, 0x03, 
    0x03, 0xFF, 0x03, 0x03, 0x03, 0xFF, 0x03, 0x03, 0x03, 0xFF, 0x03, 0x03, 0x03, 0xFF, 0x03, 0x03, 
    0x03, 0xFF, 0x03, 0x03, 0x03, 0xFF, 0x03, 0x03, 0x03, 0xFF, 0x03, 0x03, 0x03, 0xFF, 0x03, 0x03, 
    0x03, 0xFF, 0x04, 0x04, 0x03, 0xFF, 0x68, 0x68, 0x41, 0xFF, 0xD2, 0xD2, 0xD4, 0xFF, 0xD1, 0xD1, 
    0xD0, 0xFF, 0x98, 0x98, 0xB4, 0xFF, 0x04, 0x04, 0x12, 0xFF, 0x03, 0x03, 0x03, 0xFF, 0x09, 0x09, 
    0x07, 0xFF, 0x34, 0x34, 0x2F, 0xFF, 0x41, 0x42, 0x42, 0xFF, 0x63, 0x62, 0x5E, 0xFF, 0x71, 0x6D, 
    0x70, 0xFF, 0xA0, 0xA0, 0x9A, 0xFF, 0xC1, 0xC0, 0xBB, 0xFF, 0xD2, 0xCF, 0xCF, 0xFF, 0xB4, 0xB4, 
    0xC0, 0xFF, 0x41, 0x41, 0x54, 0xFF, 0x05, 0x05, 0x07, 0xFF, 0x04, 0x04, 0x03, 0xFF, 0x13, 0x13, 
    0x0D, 0xFF, 0x18, 0x18, 0x1B, 0xFF, 0x09, 0x09, 0x0C, 0xFF, 0x03, 0x03, 0x03, 0xFF, 0x03, 0x03, 
    0x03, 0xFF, 0x03, 0x03, 0x03, 0xFF, 0x0D, 0x0D, 0x08, 0xFF, 0x4B, 0x4B, 0x3A, 0xFF, 0xCB, 0xCA, 
    0xBC, 0xFF, 0xDF, 0xD7, 0xD6, 0xFF, 0xCB, 0x94, 0xE2, 0xFF, 0x24, 0x08, 0x45, 0xFF, 0x03, 0x03, 
    0x04, 0xFF, 0x03, 0x03, 0x03, 0xFF, 0x03, 0x03, 0x03, 0xFF, 0x03, 0x03, 0x03, 0xFF, 0x03, 0x03, 
    0x03, 0xFF, 0x03, 0x03, 0x03, 0xFF, 0x03, 0x03, 0x03, 0xFF, 0x03, 0x03, 0x03, 0xFF, 0x03, 0x03, 
    0x03, 0xFF, 0x03, 0x03, 0x03, 0xFF, 0x03, 0x03, 0x03, 0xFF, 0x03, 0x03, 0x03, 0xFF, 0x03, 0x03, 
    0x03, 0xFF, 0x03, 0x03, 0x03, 0xFF, 0x03, 0x03, 0x03, 0xFF, 0x03, 0x03, 0x03, 0xFF, 0x03, 0x03, 
    0x03, 0xFF, 0x04, 0x04, 0x03, 0xFF, 0x74, 0x73, 0x4D, 0xFF, 0xD1, 0xD1, 0xD2, 0xFF, 0xCF, 0xCF, 
    0xCE, 0xFF, 0x8B, 0x8B, 0xAB, 0xFF, 0x04, 0x04, 0x0E, 0xFF, 0x03, 0x03, 0x03, 0xFF, 0x03, 0x03, 
    0x03, 0xFF, 0x03, 0x03, 0x03, 0xFF, 0x26, 0x26, 0x18, 0xFF, 0x92, 0x8F, 0x82, 0xFF, 0x9D, 0x9D, 
    0xA6, 0xFF, 0x7C, 0x7C, 0x76, 0xFF, 0xBD, 0xBC, 0xB2, 0xFF, 0xF2, 0xF1, 0xEF, 0xFF, 0xCE, 0xCD, 
    0xD9, 0xFF, 0xA4, 0xA4, 0xB6, 0xFF, 0x0D, 0x0D, 0x21, 0xFF, 0x03, 0x03, 0x03, 0xFF, 0x03, 0x03, 
    0x03, 0xFF, 0x03, 0x03, 0x03, 0xFF, 0x03, 0x03, 0x03, 0xFF, 0x03, 0x03, 0x03, 0xFF, 0x03, 0x03, 
    0x03, 0xFF, 0x03, 0x03, 0x03, 0xFF, 0x06, 0x06, 0x04, 0xFF, 0x24, 0x24, 0x18, 0xFF, 0xBE, 0xBD, 
    0x9F, 0xFF, 0xCE, 0xCA, 0xCD, 0xFF, 0x98, 0x86, 0xB2, 0xFF, 0x12, 0x09, 0x21, 0xFF, 0x03, 0x03, 
    0x03, 0xFF, 0x03, 0x03, 0x03, 0xFF, 0x03, 0x03, 0x03, 0xFF, 0x03, 0x03, 0x03, 0xFF, 0x03, 0x03, 
    0x04, 0xFF, 0x03, 0x03, 0x03, 0xFF, 0x03, 0x03, 0x03, 0xFF, 0x03, 0x03, 0x03, 0xFF, 0x03, 0x03, 
    0x03, 0xFF, 0x03, 0x03, 0x03, 0xFF, 0x03, 0x03, 0x03, 0xFF, 0x03, 0x03, 0x03, 0xFF, 0x03, 0x03, 
    0x03, 0xFF, 0x03, 0x03, 0x03, 0xFF, 0x03, 0x03, 0x03, 0xFF, 0x03, 0x03, 0x03, 0xFF, 0x03, 0x03, 
    0x03, 0xFF, 0x05, 0x05, 0x03, 0xFF, 0x7E, 0x7E, 0x58, 0xFF, 0xD1, 0xD1, 0xD2, 0xFF, 0xCE, 0xCE, 
    0xCC, 0xFF, 0x7F, 0x7F, 0xA3, 0xFF, 0x03, 0x03, 0x0A, 0xFF, 0x03, 0x03, 0x03, 0xFF, 0x03, 0x03, 
    0x03, 0xFF, 0x03, 0x03, 0x03, 0xFF, 0x5A, 0x59, 0x3E, 0xFF, 0xAA, 0xA7, 0xA5, 0xFF, 0xB0, 0xB1, 
    0xB9, 0xFF, 0x4B, 0x4B, 0x4F, 0xFF, 0x9E, 0x9E, 0x8D, 0xFF, 0xF7, 0xF7, 0xF1, 0xFF, 0xB2, 0xAF, 
    0xC1, 0xFF, 0xBA, 0xBA, 0xBE, 0xFF, 0x29, 0x2A, 0x4C, 0xFF, 0x04, 0x04, 0x05, 0xFF, 0x03, 0x03, 
    0x03, 0xFF, 0x03, 0x03, 0x03, 0xFF, 0x04, 0x04, 0x04, 0xFF, 0x0A, 0x0A, 0x09, 0xFF, 0x13, 0x12, 
    0x12, 0xFF, 0x25, 0x24, 0x22, 0xFF, 0x38, 0x37, 0x35, 0xFF, 0x51, 0x50, 0x4C, 0xFF, 0xC6, 0xC5, 
    0xA9, 0xFF, 0xC8, 0xC8, 0xCF, 0xFF, 0x95, 0x8C, 0xA1, 0xFF, 0x11, 0x0E, 0x24, 0xFF, 0x04, 0x04, 
    0x04, 0xFF, 0x04, 0x04, 0x04, 0xFF, 0x0A, 0x0A, 0x08, 0xFF, 0x1A, 0x1A, 0x1A, 0xFF, 0x09, 0x09, 
    0x12, 0xFF, 0x03, 0x03, 0x03, 0xFF, 0x03, 0x03, 0x03, 0xFF, 0x03, 0x03, 0x03, 0xFF, 0x03, 0x03, 
    0x03, 0xFF, 0x03, 0x03, 0x03, 0xFF, 0x03, 0x03, 0x03, 0xFF, 0x03, 0x03, 0x03, 0xFF, 0x03, 0x03, 
    0x03, 0xFF, 0x03, 0x03, 0x03, 0xFF, 0x03, 0x03, 0x03, 0xFF, 0x03, 0x03, 0x03, 0xFF, 0x03, 0x03, 
    0x03, 0xFF, 0x07, 0x07, 0x03, 0xFF, 0x86, 0x86, 0x64, 0xFF, 0xCF, 0xCF, 0xD0, 0xFF, 0xCB, 0xCB, 
    0xCB, 0xFF, 0x74, 0x74, 0x9C, 0xFF, 0x03, 0x03, 0x07, 0xFF, 0x03, 0x03, 0x03, 0xFF, 0x0A, 0x0A, 
    0x06, 0xFF, 0x27, 0x27, 0x24, 0xFF, 0x2D, 0x2C, 0x2E, 0xFF, 0x2C, 0x2B, 0x32, 0xFF, 0x18, 0x18, 
    0x1D, 0xFF, 0x44, 0x44, 0x30, 0xFF, 0x6B, 0x6B, 0x6F, 0xFF, 0x84, 0x84, 0x7A, 0xFF, 0x97, 0x97, 
    0x96, 0xFF, 0xC8, 0xC8, 0xC3, 0xFF, 0xA1, 0xA3, 0xB3, 0xFF, 0x53, 0x53, 0x5A, 0xFF, 0x37, 0x35, 
    0x3E, 0xFF, 0x33, 0x32, 0x35, 0xFF, 0x46, 0x44, 0x46, 0xFF, 0x4E, 0x4B, 0x4F, 0xFF, 0x66, 0x63, 
    0x63, 0xFF, 0x89, 0x85, 0x88, 0xFF, 0x8F, 0x8C, 0x8E, 0xFF, 0xA0, 0x9D, 0x9C, 0xFF, 0xD7, 0xD6, 
    0xC6, 0xFF, 0xC0, 0xBF, 0xC6, 0xFF, 0x94, 0x88, 0xA1, 0xFF, 0x80, 0x79, 0x80, 0xFF, 0x7E, 0x79, 
    0x7B, 0xFF, 0x90, 0x8E, 0x8A, 0xFF, 0xA1, 0xA1, 0x9C, 0xFF, 0x92, 0x92, 0x9F, 0xFF, 0x14, 0x14, 
    0x23, 0xFF, 0x03, 0x03, 0x03, 0xFF, 0x03, 0x03, 0x03, 0xFF, 0x03, 0x03, 0x03, 0xFF, 0x03, 0x03, 
    0x03, 0xFF, 0x03, 0x03, 0x03, 0xFF, 0x03, 0x03, 0x03, 0xFF, 0x03, 0x03, 0x03, 0xFF, 0x03, 0x03, 
    0x03, 0xFF, 0x03, 0x03, 0x03, 0xFF, 0x03, 0x03, 0x03, 0xFF, 0x03, 0x03, 0x03, 0xFF, 0x03, 0x03, 
    0x03, 0xFF, 0x0A, 0x0A, 0x04, 0xFF, 0x8C, 0x8C, 0x6D, 0xFF, 0xCC, 0xCC, 0xCD, 0xFF, 0xC7, 0xC7, 
    0xC7, 0xFF, 0x69, 0x69, 0x93, 0xFF, 0x04, 0x04, 0x05, 0xFF, 0x04, 0x04, 0x04, 0xFF, 0x1B, 0x1B, 
    0x10, 0xFF, 0x61, 0x62, 0x60, 0xFF, 0x29, 0x29, 0x35, 0xFF, 0x23, 0x23, 0x29, 0xFF, 0x0C, 0x0C, 
    0x10, 0xFF, 0x36, 0x35, 0x23, 0xFF, 0x62, 0x61, 0x65, 0xFF, 0x4A, 0x4A, 0x56, 0xFF, 0x6A, 0x6A, 
    0x5A, 0xFF, 0xCA, 0xCD, 0xBD, 0xFF, 0xE1, 0xE6, 0xE1, 0xFF, 0xDC, 0xDB, 0xDD, 0xFF, 0xBB, 0xBA, 
    0xC2, 0xFF, 0xB4, 0xB2, 0xB4, 0xFF, 0xBE, 0xBC, 0xBA, 0xFF, 0xC7, 0xC5, 0xC4, 0xFF, 0xD4, 0xD2, 
    0xCE, 0xFF, 0xE1, 0xE0, 0xDC, 0xFF, 0xED, 0xEC, 0xE8, 0xFF, 0xF2, 0xF1, 0xED, 0xFF, 0xED, 0xEC, 
    0xEB, 0xFF, 0xAC, 0xAB, 0xB8, 0xFF, 0x90, 0x8E, 0x8F, 0xFF, 0xDD, 0xD8, 0xD0, 0xFF, 0xE2, 0xDD, 
    0xDE, 0xFF, 0xDF, 0xDD, 0xDA, 0xFF, 0xDE, 0xDD, 0xD9, 0xFF, 0xA8, 0xA7, 0xBE, 0xFF, 0x1D, 0x1D, 
    0x2C, 0xFF, 0x03, 0x03, 0x03, 0xFF, 0x03, 0x03, 0x03, 0xFF, 0x03, 0x03, 0x03, 0xFF, 0x03, 0x03, 
    0x03, 0xFF, 0x03, 0x03, 0x03, 0xFF, 0x03, 0x03, 0x03, 0xFF, 0x03, 0x03, 0x03, 0xFF, 0x03, 0x03, 
    0x03, 0xFF, 0x03, 0x03, 0x03, 0xFF, 0x03, 0x03, 0x03, 0xFF, 0x03, 0x03, 0x03, 0xFF, 0x03, 0x03, 
    0x03, 0xFF, 0x0D, 0x0D, 0x04, 0xFF, 0x94, 0x94, 0x77, 0xFF, 0xD6, 0xD6, 0xD4, 0xFF, 0xD2, 0xD2, 
    0xD2, 0xFF, 0x89, 0x89, 0xA8, 0xFF, 0x29, 0x27, 0x2F, 0xFF, 0x29, 0x27, 0x2E, 0xFF, 0x31, 0x2E, 
    0x2A, 0xFF, 0x63, 0x62, 0x64, 0xFF, 0x23, 0x22, 0x31, 0xFF, 0x1D, 0x1D, 0x1F, 0xFF, 0x0E, 0x0E, 
    0x11, 0xFF, 0x48, 0x48, 0x31, 0xFF, 0x80, 0x7F, 0x7F, 0xFF, 0x69, 0x69, 0x78, 0xFF, 0x80, 0x81, 
    0x6F, 0xFF, 0xC9, 0xCA, 0xBF, 0xFF, 0xF5, 0xF2, 0xEE, 0xFF, 0xFE, 0xFD, 0xFD, 0xFF, 0xFE, 0xFE, 
    0xFE, 0xFF, 0xFB, 0xFB, 0xFB, 0xFF, 0xF4, 0xF4, 0xF1, 0xFF, 0xF0, 0xEE, 0xEC, 0xFF, 0xEC, 0xEA, 
    0xE7, 0xFF, 0xE5, 0xE4, 0xE2, 0xFF, 0xE3, 0xE0, 0xDE, 0xFF, 0xDC, 0xDA, 0xDB, 0xFF, 0xE1, 0xDF, 
    0xD8, 0xFF, 0x9F, 0x9F, 0xB1, 0xFF, 0x78, 0x77, 0x6E, 0xFF, 0xE2, 0xE1, 0xD4, 0xFF, 0xE7, 0xE6, 
    0xE2, 0xFF, 0xE7, 0xE7, 0xE3, 0xFF, 0xE7, 0xE5, 0xE2, 0xFF, 0xCA, 0xC8, 0xD7, 0xFF, 0x11, 0x11, 
    0x21, 0xFF, 0x03, 0x03, 0x03, 0xFF, 0x03, 0x03, 0x03, 0xFF, 0x03, 0x03, 0x03, 0xFF, 0x03, 0x03, 
    0x03, 0xFF, 0x03, 0x03, 0x03, 0xFF, 0x03, 0x03, 0x03, 0xFF, 0x03, 0x03, 0x03, 0xFF, 0x03, 0x03, 
    0x03, 0xFF, 0x03, 0x03, 0x03, 0xFF, 0x03, 0x03, 0x03, 0xFF, 0x03, 0x03, 0x03, 0xFF, 0x03, 0x03, 
    0x03, 0xFF, 0x0F, 0x0F, 0x06, 0xFF, 0xA0, 0x9F, 0x81, 0xFF, 0xF8, 0xF7, 0xF2, 0xFF, 0xF2, 0xEE, 
    0xF4, 0xFF, 0xD8, 0xD7, 0xDF, 0xFF, 0x98, 0x97, 0xA1, 0xFF, 0x93, 0x92, 0x94, 0xFF, 0x93, 0x93, 
    0x97, 0xFF, 0x65, 0x64, 0x70, 0xFF, 0x58, 0x58, 0x53, 0xFF, 0x79, 0x79, 0x72, 0xFF, 0x7E, 0x7F, 
    0x87, 0xFF, 0x51, 0x51, 0x4E, 0xFF, 0x72, 0x72, 0x6F, 0xFF, 0x70, 0x70, 0x7B, 0xFF, 0x8C, 0x81, 
    0x7D, 0xFF, 0xC6, 0xAB, 0xB8, 0xFF, 0xE1, 0xC5, 0xD9, 0xFF, 0xE4, 0xCB, 0xDD, 0xFF, 0xE6, 0xE1, 
    0xE6, 0xFF, 0xD9, 0xD7, 0xDC, 0xFF, 0xD1, 0xCF, 0xD3, 0xFF, 0xCC, 0xCA, 0xCD, 0xFF, 0xC9, 0xC7, 
    0xC9, 0xFF, 0xCC, 0xC9, 0xCA, 0xFF, 0xD5, 0xD2, 0xD3, 0xFF, 0xDD, 0xDB, 0xDA, 0xFF, 0xE7, 0xE7, 
    0xE2, 0xFF, 0xBC, 0xBB, 0xC6, 0xFF, 0x77, 0x76, 0x82, 0xFF, 0xBC, 0xBB, 0xA1, 0xFF, 0xE3, 0xE1, 
    0xE0, 0xFF, 0xD9, 0xD8, 0xD7, 0xFF, 0xCF, 0xCD, 0xCD, 0xFF, 0xC4, 0xC3, 0xC8, 0xFF, 0x05, 0x05, 
    0x07, 0xFF, 0x03, 0x03, 0x03, 0xFF, 0x03, 0x03, 0x03, 0xFF, 0x03, 0x03, 0x03, 0xFF, 0x03, 0x03, 
    0x03, 0xFF, 0x03, 0x03, 0x03, 0xFF, 0x03, 0x03, 0x03, 0xFF, 0x03, 0x03, 0x03, 0xFF, 0x03, 0x03, 
    0x03, 0xFF, 0x03, 0x03, 0x03, 0xFF, 0x03, 0x03, 0x03, 0xFF, 0x03, 0x03, 0x03, 0xFF, 0x03, 0x03, 
    0x03, 0xFF, 0x12, 0x12, 0x08, 0xFF, 0xA9, 0xA9, 0x89, 0xFF, 0xFE, 0xFE, 0xFB, 0xFF, 0xFC, 0xFC, 
    0xFC, 0xFF, 0xFD, 0xFD, 0xFD, 0xFF, 0xF3, 0xF3, 0xF3, 0xFF, 0xE3, 0xE3, 0xE2, 0xFF, 0xD5, 0xD4, 
    0xD6, 0xFF, 0xB3, 0xB2, 0xBA, 0xFF, 0xAE, 0xAC, 0xA7, 0xFF, 0xBC, 0xBC, 0xB9, 0xFF, 0xAA, 0xAC, 
    0xB2, 0xFF, 0x91, 0x91, 0x84, 0xFF, 0xA4, 0x9E, 0xA7, 0xFF, 0x8C, 0x78, 0x8E, 0xFF, 0x81, 0x72, 
    0x7F, 0xFF, 0xC4, 0xC4, 0xB6, 0xFF, 0xF3, 0xF2, 0xF0, 0xFF, 0xE3, 0xCB, 0xE2, 0xFF, 0xF3, 0xE8, 
    0xEC, 0xFF, 0xF5, 0xF3, 0xF3, 0xFF, 0xF0, 0xF0, 0xED, 0xFF, 0xED, 0xEB, 0xE7, 0xFF, 0xED, 0xEC, 
    0xE7, 0xFF, 0xF0, 0xEF, 0xEA, 0xFF, 0xF6, 0xF5, 0xF0, 0xFF, 0xF8, 0xF7, 0xF3, 0xFF, 0xEC, 0xEB, 
    0xEC, 0xFF, 0xAF, 0xAF, 0xBA, 0xFF, 0x6B, 0x6A, 0x7A, 0xFF, 0x4F, 0x4E, 0x4D, 0xFF, 0x4F, 0x4F, 
    0x53, 0xFF, 0x38, 0x38, 0x3B, 0xFF, 0x2A, 0x2A, 0x2C, 0xFF, 0x26, 0x26, 0x25, 0xFF, 0x03, 0x03, 
    0x03, 0xFF, 0x03, 0x03, 0x03, 0xFF, 0x03, 0x03, 0x03, 0xFF, 0x03, 0x03, 0x03, 0xFF, 0x03, 0x03, 
    0x03, 0xFF, 0x03, 0x03, 0x03, 0xFF, 0x03, 0x03, 0x03, 0xFF, 0x03, 0x03, 0x03, 0xFF, 0x03, 0x03, 
    0x03, 0xFF, 0x03, 0x03, 0x03, 0xFF, 0x03, 0x03, 0x03, 0xFF, 0x03, 0x03, 0x03, 0xFF, 0x03, 0x03, 
    0x03, 0xFF, 0x1F, 0x1F, 0x12, 0xFF, 0xBA, 0xBB, 0x9F, 0xFF, 0xFE, 0xFE, 0xFD, 0xFF, 0xEF, 0xEE, 
    0xF3, 0xFF, 0xDD, 0xDC, 0xE2, 0xFF, 0xC9, 0xC9, 0xCF, 0xFF, 0xB8, 0xB8, 0xBD, 0xFF, 0xB5, 0xB5, 
    0xB8, 0xFF, 0xBD, 0xBC, 0xC0, 0xFF, 0x9E, 0x9D, 0xAA, 0xFF, 0x98, 0x97, 0x96, 0xFF, 0x99, 0x98, 
    0x9C, 0xFF, 0x96, 0x94, 0x96, 0xFF, 0x9D, 0x94, 0x9C, 0xFF, 0x99, 0x8E, 0x99, 0xFF, 0x86, 0x85, 
    0x89, 0xFF, 0xC7, 0xCC, 0xBC, 0xFF, 0xF9, 0xF9, 0xF3, 0xFF, 0xED, 0xD9, 0xED, 0xFF, 0xEE, 0xDD, 
    0xE6, 0xFF, 0xEA, 0xE8, 0xEA, 0xFF, 0xDE, 0xDD, 0xDC, 0xFF, 0xD8, 0xD6, 0xD6, 0xFF, 0xD2, 0xD0, 
    0xD0, 0xFF, 0xCD, 0xCA, 0xCA, 0xFF, 0xC4, 0xC2, 0xC4, 0xFF, 0xBE, 0xBC, 0xBE, 0xFF, 0xB9, 0xB9, 
    0xB7, 0xFF, 0xA2, 0xA1, 0xA8, 0xFF, 0x75, 0x75, 0x7F, 0xFF, 0x14, 0x14, 0x23, 0xFF, 0x04, 0x04, 
    0x04, 0xFF, 0x04, 0x04, 0x04, 0xFF, 0x04, 0x04, 0x04, 0xFF, 0x03, 0x03, 0x04, 0xFF, 0x03, 0x03, 
    0x03, 0xFF, 0x03, 0x03, 0x03, 0xFF, 0x03, 0x03, 0x03, 0xFF, 0x03, 0x03, 0x03, 0xFF, 0x03, 0x03, 
    0x03, 0xFF, 0x03, 0x03, 0x03, 0xFF, 0x03, 0x03, 0x03, 0xFF, 0x03, 0x03, 0x03, 0xFF, 0x03, 0x03, 
    0x03, 0xFF, 0x03, 0x03, 0x03, 0xFF, 0x03, 0x03, 0x03, 0xFF, 0x03, 0x03, 0x03, 0xFF, 0x03, 0x03, 
    0x03, 0xFF, 0x23, 0x23, 0x15, 0xFF, 0xBF, 0xBF, 0xA5, 0xFF, 0xFE, 0xFE, 0xFE, 0xFF, 0xF5, 0xF4, 
    0xF6, 0xFF, 0xF0, 0xEF, 0xF2, 0xFF, 0xE1, 0xE0, 0xE2, 0xFF, 0xD7, 0xD7, 0xD6, 0xFF, 0xD7, 0xD7, 
    0xD5, 0xFF, 0xD8, 0xD8, 0xD5, 0xFF, 0xD4, 0xD3, 0xD5, 0xFF, 0xD4, 0xD3, 0xCC, 0xFF, 0xD6, 0xD4, 
    0xD9, 0xFF, 0xD2, 0xD1, 0xC7, 0xFF, 0xD8, 0xD5, 0xD4, 0xFF, 0xED, 0xED, 0xE9, 0xFF, 0xBC, 0xB8, 
    0xC6, 0xFF, 0xDB, 0xDB, 0xD4, 0xFF, 0xE9, 0xED, 0xE6, 0xFF, 0xD4, 0xC1, 0xD7, 0xFF, 0x8E, 0x7B, 
    0x9D, 0xFF, 0x54, 0x51, 0x5A, 0xFF, 0x62, 0x5F, 0x5F, 0xFF, 0x65, 0x61, 0x69, 0xFF, 0x70, 0x6B, 
    0x70, 0xFF, 0x7F, 0x7A, 0x7C, 0xFF, 0x84, 0x81, 0x86, 0xFF, 0x90, 0x8C, 0x8F, 0xFF, 0x99, 0x99, 
    0x97, 0xFF, 0x94, 0x94, 0x99, 0xFF, 0x7C, 0x7C, 0x7F, 0xFF, 0x1B, 0x1B, 0x30, 0xFF, 0x03, 0x03, 
    0x03, 0xFF, 0x03, 0x03, 0x03, 0xFF, 0x03, 0x03, 0x03, 0xFF, 0x03, 0x03, 0x03, 0xFF, 0x03, 0x03, 
    0x03, 0xFF, 0x03, 0x03, 0x03, 0xFF, 0x03, 0x03, 0x03, 0xFF, 0x03, 0x03, 0x03, 0xFF, 0x03, 0x03, 
    0x03, 0xFF, 0x03, 0x03, 0x03, 0xFF, 0x03, 0x03, 0x03, 0xFF, 0x03, 0x03, 0x03, 0xFF, 0x03, 0x03, 
    0x03, 0xFF, 0x03, 0x03, 0x03, 0xFF, 0x03, 0x03, 0x03, 0xFF, 0x03, 0x03, 0x03, 0xFF, 0x03, 0x03, 
    0x03, 0xFF, 0x19, 0x19, 0x0E, 0xFF, 0xB3, 0xB3, 0x93, 0xFF, 0xFE, 0xFE, 0xFE, 0xFF, 0xFC, 0xFC, 
    0xFD, 0xFF, 0xF1, 0xF0, 0xF6, 0xFF, 0xCC, 0xCC, 0xD3, 0xFF, 0xA8, 0xA8, 0xAE, 0xFF, 0x8B, 0x8B, 
    0x91, 0xFF, 0x75, 0x75, 0x78, 0xFF, 0xAB, 0xAA, 0x9B, 0xFF, 0xBC, 0xBC, 0xB8, 0xFF, 0xC7, 0xC5, 
    0xC8, 0xFF, 0xC2, 0xC0, 0xBA, 0xFF, 0xD3, 0xD0, 0xCD, 0xFF, 0xF3, 0xF2, 0xED, 0xFF, 0xC8, 0xC5, 
    0xD1, 0xFF, 0xD7, 0xD6, 0xD1, 0xFF, 0xDB, 0xDE, 0xDB, 0xFF, 0xBE, 0xA6, 0xC0, 0xFF, 0xA1, 0x95, 
    0xA7, 0xFF, 0x85, 0x85, 0x89, 0xFF, 0x85, 0x85, 0x86, 0xFF, 0x83, 0x82, 0x86, 0xFF, 0x78, 0x77, 
    0x7B, 0xFF, 0x6A, 0x69, 0x6D, 0xFF, 0x51, 0x51, 0x57, 0xFF, 0x38, 0x38, 0x3C, 0xFF, 0x28, 0x28, 
    0x2A, 0xFF, 0x1E, 0x1E, 0x20, 0xFF, 0x13, 0x13, 0x15, 0xFF, 0x06, 0x06, 0x09, 0xFF, 0x03, 0x03, 
    0x03, 0xFF, 0x03, 0x03, 0x03, 0xFF, 0x03, 0x03, 0x03, 0xFF, 0x03, 0x03, 0x03, 0xFF, 0x03, 0x03, 
    0x03, 0xFF, 0x03, 0x03, 0x03, 0xFF, 0x03, 0x03, 0x03, 0xFF, 0x03, 0x03, 0x03, 0xFF, 0x03, 0x03, 
    0x03, 0xFF, 0x03, 0x03, 0x03, 0xFF, 0x03, 0x03, 0x03, 0xFF, 0x03, 0x03, 0x03, 0xFF, 0x03, 0x03, 
    0x03, 0xFF, 0x03, 0x03, 0x03, 0xFF, 0x03, 0x03, 0x03, 0xFF, 0x03, 0x03, 0x03, 0xFF, 0x03, 0x03, 
    0x03, 0xFF, 0x0E, 0x0E, 0x08, 0xFF, 0x87, 0x87, 0x67, 0xFF, 0xE9, 0xE9, 0xE1, 0xFF, 0xCF, 0xCE, 
    0xDC, 0xFF, 0x60, 0x5F, 0x75, 0xFF, 0x3E, 0x3E, 0x41, 0xFF, 0x39, 0x39, 0x3F, 0xFF, 0x32, 0x32, 
    0x33, 0xFF, 0x44, 0x44, 0x44, 0xFF, 0x63, 0x62, 0x59, 0xFF, 0xA4, 0xA4, 0x9B, 0xFF, 0xB0, 0xAF, 
    0xAE, 0xFF, 0xB5, 0xB4, 0xB8, 0xFF, 0xB0, 0xAF, 0xB0, 0xFF, 0xBC, 0xBA, 0xBB, 0xFF, 0xC0, 0xBA, 
    0xC1, 0xFF, 0xB8, 0xB6, 0xB8, 0xFF, 0x6F, 0x6F, 0x83, 0xFF, 0x84, 0x6F, 0x78, 0xFF, 0x3A, 0x36, 
    0x4F, 0xFF, 0x18, 0x18, 0x1A, 0xFF, 0x11, 0x11, 0x13, 0xFF, 0x09, 0x09, 0x0A, 0xFF, 0x05, 0x05, 
    0x05, 0xFF, 0x04, 0x04, 0x04, 0xFF, 0x04, 0x04, 0x04, 0xFF, 0x04, 0x04, 0x04, 0xFF, 0x04, 0x04, 
    0x04, 0xFF, 0x03, 0x03, 0x04, 0xFF, 0x03, 0x03, 0x03, 0xFF, 0x03, 0x03, 0x03, 0xFF, 0x03, 0x03, 
    0x03, 0xFF, 0x03, 0x03, 0x03, 0xFF, 0x03, 0x03, 0x03, 0xFF, 0x03, 0x03, 0x03, 0xFF, 0x03, 0x03, 
    0x03, 0xFF, 0x03, 0x03, 0x03, 0xFF, 0x03, 0x03, 0x03, 0xFF, 0x03, 0x03, 0x03, 0xFF, 0x03, 0x03, 
    0x03, 0xFF, 0x03, 0x03, 0x03, 0xFF, 0x03, 0x03, 0x03, 0xFF, 0x03, 0x03, 0x03, 0xFF, 0x03, 0x03, 
    0x03, 0xFF, 0x03, 0x03, 0x03, 0xFF, 0x03, 0x03, 0x03, 0xFF, 0x03, 0x03, 0x03, 0xFF, 0x03, 0x03, 
    0x03, 0xFF, 0x04, 0x04, 0x04, 0xFF, 0x1D, 0x1D, 0x16, 0xFF, 0x4B, 0x4B, 0x42, 0xFF, 0x6F, 0x6F, 
    0x6E, 0xFF, 0x52, 0x51, 0x59, 0xFF, 0x3C, 0x3C, 0x40, 0xFF, 0x33, 0x34, 0x36, 0xFF, 0x2B, 0x2B, 
    0x2E, 0xFF, 0x22, 0x22, 0x23, 0xFF, 0x1D, 0x1D, 0x1D, 0xFF, 0x36, 0x36, 0x32, 0xFF, 0x42, 0x42, 
    0x40, 0xFF, 0x6A, 0x6A, 0x70, 0xFF, 0x51, 0x50, 0x58, 0xFF, 0x63, 0x60, 0x5B, 0xFF, 0x77, 0x69, 
    0x80, 0xFF, 0x60, 0x51, 0x60, 0xFF, 0x4A, 0x3E, 0x51, 0xFF, 0x3F, 0x3B, 0x33, 0xFF, 0x42, 0x40, 
    0x5C, 0xFF, 0x04, 0x04, 0x04, 0xFF, 0x03, 0x03, 0x03, 0xFF, 0x03, 0x03, 0x03, 0xFF, 0x03, 0x03, 
    0x03, 0xFF, 0x03, 0x03, 0x03, 0xFF, 0x03, 0x03, 0x03, 0xFF, 0x03, 0x03, 0x03, 0xFF, 0x03, 0x03, 
    0x03, 0xFF, 0x03, 0x03, 0x03, 0xFF, 0x03, 0x03, 0x03, 0xFF, 0x03, 0x03, 0x03, 0xFF, 0x03, 0x03, 
    0x03, 0xFF, 0x03, 0x03, 0x03, 0xFF, 0x03, 0x03, 0x03, 0xFF, 0x03, 0x03, 0x03, 0xFF, 0x05, 0x04, 
    0x05, 0xFF, 0x03, 0x03, 0x03, 0xFF, 0x03, 0x03, 0x03, 0xFF, 0x03, 0x03, 0x03, 0xFF, 0x03, 0x03, 
    0x03, 0xFF, 0x03, 0x03, 0x03, 0xFF, 0x03, 0x03, 0x03, 0xFF, 0x03, 0x03, 0x03, 0xFF, 0x03, 0x03, 
    0x03, 0xFF, 0x03, 0x03, 0x03, 0xFF, 0x03, 0x03, 0x03, 0xFF, 0x03, 0x03, 0x03, 0xFF, 0x03, 0x03, 
    0x03, 0xFF, 0x03, 0x03, 0x03, 0xFF, 0x03, 0x03, 0x03, 0xFF, 0x04, 0x04, 0x04, 0xFF, 0x04, 0x04, 
    0x04, 0xFF, 0x04, 0x04, 0x04, 0xFF, 0x03, 0x03, 0x03, 0xFF, 0x03, 0x03, 0x03, 0xFF, 0x03, 0x03, 
    0x03, 0xFF, 0x03, 0x03, 0x03, 0xFF, 0x03, 0x03, 0x03, 0xFF, 0x0A, 0x0A, 0x05, 0xFF, 0x61, 0x61, 
    0x4E, 0xFF, 0xA3, 0xA3, 0x9E, 0xFF, 0xB5, 0xB4, 0xB6, 0xFF, 0x8C, 0x8B, 0x97, 0xFF, 0x49, 0x45, 
    0x5A, 0xFF, 0x36, 0x2E, 0x3E, 0xFF, 0x0C, 0x0A, 0x11, 0xFF, 0x15, 0x14, 0x0A, 0xFF, 0x61, 0x5E, 
    0x68, 0xFF, 0x05, 0x05, 0x0E, 0xFF, 0x03, 0x03, 0x03, 0xFF, 0x03, 0x03, 0x03, 0xFF, 0x03, 0x03, 
    0x03, 0xFF, 0x03, 0x03, 0x03, 0xFF, 0x03, 0x03, 0x03, 0xFF, 0x03, 0x03, 0x03, 0xFF, 0x03, 0x03, 
    0x03, 0xFF, 0x03, 0x03, 0x03, 0xFF, 0x03, 0x03, 0x03, 0xFF, 0x03, 0x03, 0x03, 0xFF, 0x03, 0x03, 
    0x03, 0xFF, 0x03, 0x03, 0x03, 0xFF, 0x03, 0x03, 0x03, 0xFF, 0x03, 0x03, 0x03, 0xFF, 0x0E, 0x09, 
    0x13, 0x37, 0x05, 0x05, 0x05, 0x37, 0x05, 0x05, 0x05, 0x37, 0x05, 0x05, 0x05, 0x37, 0x05, 0x05, 
    0x05, 0x37, 0x05, 0x05, 0x05, 0x37, 0x05, 0x05, 0x05, 0x37, 0x05, 0x05, 0x05, 0x37, 0x05, 0x05, 
    0x05, 0x37, 0x05, 0x05, 0x05, 0x37, 0x05, 0x05, 0x05, 0x37, 0x05, 0x05, 0x05, 0x37, 0x05, 0x05, 
    0x05, 0x37, 0x05, 0x05, 0x05, 0x37, 0x05, 0x05, 0x05, 0x37, 0x05, 0x05, 0x05, 0x37, 0x05, 0x05, 
    0x05, 0x37, 0x05, 0x05, 0x05, 0x37, 0x05, 0x05, 0x05, 0x37, 0x05, 0x05, 0x05, 0x37, 0x05, 0x05, 
    0x05, 0x37, 0x05, 0x05, 0x05, 0x37, 0x05, 0x05, 0x05, 0x37, 0x09, 0x09, 0x05, 0x37, 0x7D, 0x7D, 
    0x66, 0x37, 0xC7, 0xC7, 0xC3, 0x37, 0xCC, 0xCC, 0xCC, 0x37, 0xB5, 0xB5, 0xB9, 0x37, 0x6B, 0x6B, 
    0x94, 0x37, 0x09, 0x09, 0x25, 0x37, 0x05, 0x05, 0x05, 0x37, 0x0E, 0x0E, 0x05, 0x37, 0x66, 0x66, 
    0x61, 0x37, 0x09, 0x09, 0x1C, 0x37, 0x05, 0x05, 0x05, 0x37, 0x05, 0x05, 0x05, 0x37, 0x05, 0x05, 
    0x05, 0x37, 0x05, 0x05, 0x05, 0x37, 0x05, 0x05, 0x05, 0x37, 0x05, 0x05, 0x05, 0x37, 0x05, 0x05, 
    0x05, 0x37, 0x05, 0x05, 0x05, 0x37, 0x05, 0x05, 0x05, 0x37, 0x05, 0x05, 0x05, 0x37, 0x05, 0x05, 
    0x05, 0x37, 0x05, 0x05, 0x05, 0x37, 0x05, 0x05, 0x05, 0x37, 0x05, 0x05, 0x05, 0x37, 0x00, 0x00, 
    0x00, 0x00, 0x00, 0x00, 0x00, 0x00, 0x00, 0x00, 0x00, 0x00, 0x00, 0x00, 0x00, 0x00, 0x00, 0x00, 
    0x00, 0x00, 0x00, 0x00, 0x00, 0x00, 0x00, 0x00, 0x00, 0x00, 0x00, 0x00, 0x00, 0x00, 0x00, 0x00, 
    0x00, 0x00, 0x00, 0x00, 0x00, 0x00, 0x00, 0x00, 0x00, 0x00, 0x00, 0x00, 0x00, 0x00, 0x00, 0x00, 
    0x00, 0x00, 0x00, 0x00, 0x00, 0x00, 0x00, 0x00, 0x00, 0x00, 0x00, 0x00, 0x00, 0x00, 0x00, 0x00, 
    0x00, 0x00, 0x00, 0x00, 0x00, 0x00, 0x00, 0x00, 0x00, 0x00, 0x00, 0x00, 0x00, 0x00, 0x00, 0x00, 
    0x00, 0x00, 0x00, 0x00, 0x00, 0x00, 0x00, 0x00, 0x00, 0x00, 0x00, 0x00, 0x00, 0x00, 0x00, 0x00, 
    0x00, 0x00, 0x00, 0x00, 0x00, 0x00, 0x00, 0x00, 0x00, 0x00, 0x00, 0x00, 0x00, 0x00, 0x00, 0x00, 
    0x00, 0x00, 0x00, 0x00, 0x00, 0x00, 0x00, 0x00, 0x00, 0x00, 0x00, 0x00, 0x00, 0x00, 0x00, 0x00, 
    0x00, 0x00, 0x00, 0x00, 0x00, 0x00, 0x00, 0x00, 0x00, 0x00, 0x00, 0x00, 0x00, 0x00, 0x00, 0x00, 
    0x00, 0x00, 0x00, 0x00, 0x00, 0x00, 0x00, 0x00, 0x00, 0x00, 0x00, 0x00, 0x00, 0x00, 0x00, 0x00, 
    0x00, 0x00, 0x00, 0x00, 0x00, 0x00, 0x00, 0x00, 0x00, 0x00, 0x00, 0x00, 0x00, 0x00, 0x00, 0x00, 
    0x00, 0x00, 0x00, 0x00, 0x00, 0x00, 0x00, 0x00, 0x00, 0x00, 0x00, 0x00, 0x00, 0x00, 0x00, 0x00, 
    0x00, 0x00, 0x00, 0x00, 0x00, 0x00, 0x00, 0x00, 0x00, 0x00, 0x00, 0x00, 0x00, 0x00, 0x00, 0x00, 
    0x00, 0x00, 0x00, 0x00, 0x00, 0x00, 0x00, 0x00, 0x00, 0x00, 0x00, 0x00, 0x00, 0x00, 0x00, 0x00, 
    0x00, 0x00, 0x00, 0x00, 0x00, 0x00, 0x00, 0x00, 0x00, 0x00, 0x00, 0x00, 0x00, 0x00, 0x00, 0x00, 
    0x00, 0x00, 0x00, 0x00, 0x00, 0x00, 0x00, 0x00, 0x00, 0x00, 0x00, 0x00, 0x00, 0x00, 0x00, 0x00, 
    0x00, 0x00, 0x00, 0x00, 0x00, 0x00, 0x00, 0x00, 0x00, 0x00, 0x00, 0x00, 0x00, 0x00, 0x00, 0x00, 
    0x00, 0x00, 0x00, 0x00, 0x00, 0x00, 0x00, 0x00, 0x00, 0x00, 0x00, 0x00, 0x00, 0x00, 0x00, 0x00, 
    0x00, 0x00, 0x00, 0x00, 0x00, 0x00, 0x00, 0x00, 0x00, 0x00, 0x00, 0x00, 0x00, 0x00, 0x00, 0x00, 
    0x00, 0x00, 0x00, 0x00, 0x00, 0x00, 0x00, 0x00, 0x00, 0x00, 0x00, 0x00, 0x00, 0x00, 0x00, 0x00, 
    0x00, 0x00, 0x00, 0x00, 0x00, 0x00, 0x00, 0x00, 0x00, 0x00, 0x00, 0x00, 0x00, 0x00, 0x00, 0x00, 
    0x00, 0x00, 0x00, 0x00, 0x00, 0x00, 0x00, 0x00, 0x00, 0x00, 0x00, 0x00, 0x00, 0x00, 0x00, 0x00, 
    0x00, 0x00, 0x00, 0x00, 0x00, 0x00, 0x00, 0x00, 0x00, 0x00, 0x00, 0x00, 0x00, 0x00, 0x00, 0x00, 
    0x00, 0x00, 0x00, 0x00, 0x00, 0x00, 0x00, 0x00, 0x00, 0x00, 0x00, 0x00, 0x00, 0x00, 0x00, 0x00, 
    0x00, 0x00, 0x00, 0x00, 0x00, 0x00, 0x00, 0x00, 0x00, 0x00, 0x00, 0x00, 0x00, 0x00, 0x00, 0x00, 
    0x00, 0x00, 0x00, 0x00, 0x00, 0x00, 0x00, 0x00, 0x00, 0x00, 0x00, 0x00, 0x00, 0x00, 0x00, 0x00, 
    0x00, 0x00, 0x00, 0x00, 0x00, 0x00, 0x00, 0x00, 0x00, 0x00, 0x00, 0x00, 0x00, 0x00, 0x00, 0x00, 
    0x00, 0x00, 0x00, 0x00, 0x00, 0x00, 0x00, 0x00, 0x00, 0x00, 0x00, 0x00, 0x00, 0x00, 0x00, 0x00, 
    0x00, 0x00, 0x00, 0x00, 0x00, 0x00, 0x00, 0x00, 0x00, 0x00, 0x00, 0x00, 0x00, 0x00, 0x00, 0x00, 
    0x00, 0x00, 0x00, 0x00, 0x00, 0x00, 0x00, 0x00, 0x00, 0x00, 0x00, 0x00, 0x00, 0x00, 0x00, 0x00, 
    0x00, 0x00, 0x00, 0x00, 0x00, 0x00, 0x00, 0x00, 0x00, 0x00, 0x00, 0x00, 0x00, 0x00, 0x00, 0x00, 
    0x00, 0x00, 0x00, 0x00, 0x00, 0x00, 0x00, 0x00, 0x00, 0x00, 0x00, 0x00, 0x00, 0x00, 0x00, 0x00, 
    0x00, 0x00, 0x00, 0x00, 0x00, 0x00, 0x00, 0x00, 0x00, 0x00, 0x00, 0x00, 0x00, 0x00, 0x00, 0x00, 
    0x00, 0x00, 0x00, 0x00, 0x00, 0x00, 0x00, 0x00, 0x00, 0x00, 0x00, 0x00, 0x00, 0x00, 0x00, 0x00, 
    0x00, 0x00, 0x00, 0x00, 0x00, 0x00, 0x00, 0x00, 0x00, 0x00, 0x00, 0x00, 0x00, 0x00, 0x00, 0x00, 
    0x00, 0x00, 0x00, 0x00, 0x00, 0x00, 0x00, 0x00, 0x00, 0x00, 0x00, 0x00, 0x00, 0x00, 0x00, 0x00, 
    0x00, 0x00, 0x00, 0x00, 0x00, 0x00, 0x00, 0x00, 0x00, 0x00, 0x00, 0x00, 0x00, 0x00, 0x00, 0x00, 
    0x00, 0x00, 0x00, 0x00, 0x00, 0x00, 0x00, 0x00, 0x00, 0x00, 0x00, 0x00, 0x00, 0x00, 0x00, 0x00, 
    0x00, 0x00, 0x00, 0x00, 0x00, 0x00, 0x00, 0x00, 0x00, 0x00, 0x00, 0x00, 0x00, 0x00, 0x00, 0x00, 
    0x00, 0x00, 0x00, 0x00, 0x00, 0x00, 0x00, 0x00, 0x00, 0x00, 0x00, 0x00, 0x00, 0x00, 0x00, 0x00, 
    0x00, 0x00, 0x00, 0x00, 0x00, 0x00, 0x00, 0x00, 0x00, 0x00, 0x00, 0x00, 0x00, 0x00, 0x00, 0x00, 
    0x00, 0x00, 0x00, 0x00, 0x00, 0x00, 0x00, 0x00, 0x00, 0x00, 0x00, 0x00, 0x00, 0x00, 0x00, 0x00, 
    0x00, 0x00, 0x00, 0x00, 0x00, 0x00, 0x00, 0x00, 0x00, 0x00, 0x00, 0x00, 0x00, 0x00, 0x00, 0x00, 
    0x00, 0x00, 0x00, 0x00, 0x00, 0x00, 0x00, 0x00, 0x00, 0x00, 0x00, 0x00, 0x00, 0x00, 0x00, 0x00, 
    0x00, 0x00, 0x00, 0x00, 0x00, 0x00, 0x00, 0x00, 0x00, 0x00, 0x00, 0x00, 0x00, 0x00, 0x00, 0x00, 
    0x00, 0x00, 0x00, 0x00, 0x00, 0x00, 0x00, 0x00, 0x00, 0x00, 0x00, 0x00, 0x00, 0x00, 0x00, 0x00, 
    0x00, 0x00, 0x00, 0x00, 0x00, 0x00, 0x00, 0x00, 0x00, 0x00, 0x00, 0x00, 0x00, 0x00, 0x00, 0x00, 
    0x00, 0x00, 0x00, 0x00, 0x00, 0x00, 0x00, 0x00, 0x00, 0x00, 0x00, 0x00, 0x00, 0x00, 0x00, 0x00, 
    0x00, 0x00, 0x00, 0x00, 0x00, 0x00, 0x00, 0x00, 0x00, 0x00, 0x00, 0x00, 0x00, 0x00, 0x00, 0x00, 
    0x00, 0x00, 0x00, 0x00, 0x00, 0x00, 0x00, 0x00, 0x00, 0x00, 0x00, 0x00, 0x00, 0x00, 0x00, 0x00, 
    0x00, 0x00, 0x00, 0x00, 0x00, 0x00, 0x00, 0x00, 0x00, 0x00, 0x00, 0x00, 0x00, 0x00, 0x00, 0x00, 
    0x00, 0x00, 0x00, 0x00, 0x00, 0x00, 0x00, 0x00, 0x00, 0x00, 0x00, 0x00, 0x00, 0x00, 0x00, 0x00, 
    0x00, 0x00, 0x00, 0x00, 0x00, 0x00, 0x00, 0x00, 0x00, 0x00, 0x00, 0x00, 0x00, 0x00, 0x00, 0x00, 
    0x00, 0x00, 0x00, 0x00, 0x00, 0x00, 0x00, 0x00, 0x00, 0x00, 0x00, 0x00, 0x00, 0x00, 0x00, 0x00, 
    0x00, 0x00, 0x00, 0x00, 0x00, 0x00, 0x00, 0x00, 0x00, 0x00, 0x00, 0x00, 0x00, 0x00, 0x00, 0x00, 
    0x00, 0x00, 0x00, 0x00, 0x00, 0x00, 0x00, 0x00, 0x00, 0x00, 0x00, 0x00, 0x00, 0x00, 0x00, 0x00, 
    0x00, 0x00, 0x00, 0x00, 0x00, 0x00, 0x00, 0x00, 0x00, 0x00, 0x00, 0x00, 0x00, 0x00, 0x00, 0x00, 
    0x00, 0x00, 0x00, 0x00, 0x00, 0x00, 0x00, 0x00, 0x00, 0x00, 0x00, 0x00, 0x00, 0x00, 0x00, 0x00, 
    0x00, 0x00, 0x00, 0x00, 0x00, 0x00, 0x00, 0x00, 0x00, 0x00, 0x00, 0x00, 0x00, 0x00, 0x00, 0x00, 
    0x00, 0x00, 0x00, 0x00, 0x00, 0x00, 0x00, 0x00, 0x00, 0x00, 0x00, 0x00, 0x00, 0x00, 0x00, 0x00, 
    0x00, 0x00, 0x00, 0x00, 0x00, 0x00, 0x00, 0x00, 0x00, 0x00, 0x00, 0x00, 0x00, 0x00, 0x00, 0x00, 
    0x00, 0x00, 0x00, 0x00, 0x00, 0x00, 0x00, 0x00, 0x00, 0x00, 0x00, 0x00, 0x00, 0x00, 0x00, 0x00, 
    0x00, 0x00, 0x00, 0x00, 0x00, 0x00, 0x00, 0x00, 0x00, 0x00, 0x00, 0x00, 0x00, 0x00, 0x00, 0x00, 
    0x00, 0x00, 0x00, 0x00, 0x00, 0x00, 0x00, 0x00, 0x00, 0x00, 0x00, 0x00, 0x00, 0x00, 0x00, 0x00, 
    0x00, 0x00, 0x00, 0x00, 0x00, 0x00, 0x00, 0x00, 0x00, 0x00, 0x00, 0x00, 0x00, 0x00, 0x00, 0x00, 
    0x00, 0x00, 0x00, 0x00, 0x00, 0x00, 0x00, 0x00, 0x00, 0x00, 0x00, 0x00, 0x00, 0x00, 0x00, 0x00, 
    0x00, 0x00, 0x00, 0x00, 0x00, 0x00, 0x00, 0x00, 0x00, 0x00, 0x00, 0x00, 0x00, 0x00, 0x00, 0x00, 
    0x00, 0x00, 0x00, 0x00, 0x00, 0x00, 0x00, 0x00, 0x00, 0x00, 0x00, 0x00, 0x00, 0x00, 0x00, 0x00, 
    0x00, 0x00, 0x00, 0x00, 0x00, 0x00, 0x00, 0x00, 0x00, 0x00, 0x00, 0x00, 0x00, 0x00, 0x00, 0x00, 
    0x00, 0x00, 0x00, 0x00, 0x00, 0x00, 0x00, 0x00, 0x00, 0x00, 0x00, 0x00, 0x00, 0x00, 0x00, 0x00, 
    0x00, 0x00, 0x00, 0x00, 0x00, 0x00, 0x00, 0x00, 0x00, 0x00, 0x00, 0x00, 0x00, 0x00, 0x00, 0x00, 
    0x00, 0x00, 0x00, 0x00, 0x00, 0x00, 0x00, 0x00, 0x00, 0x00, 0x00, 0x00, 0x00, 0x00, 0x00, 0x00, 
    0x00, 0x00, 0x00, 0x00, 0x00, 0x00, 0x00, 0x00, 0x00, 0x00, 0x00, 0x00, 0x00, 0x00, 0x00, 0x00, 
    0x00, 0x00, 0x00, 0x00, 0x00, 0x00, 0x00, 0x00, 0x00, 0x00, 0x00, 0x00, 0x00, 0x00, 0x00, 0x00, 
    0x00, 0x00, 0x00, 0x00, 0x00, 0x00, 0x00, 0x00, 0x00, 0x00, 0x00, 0x00, 0x00, 0x00, 0x00, 0x00, 
    0x00, 0x00, 0x00, 0x00, 0x00, 0x00, 0x00, 0x00, 0x00, 0x00, 0x00, 0x00, 0x00, 0x00, 0x00, 0x00, 
    0x00, 0x00, 0x00, 0x00, 0x00, 0x00, 0x00, 0x00, 0x00, 0x00, 0x00, 0x00, 0x00, 0x00, 0x00, 0x00, 
    0x00, 0x00, 0x00, 0x00, 0x00, 0x00, 0x00, 0x00, 0x00, 0x00, 0x00, 0x00, 0x00, 0x00, 0x00, 0x00, 
    0x00, 0x00, 0x00, 0x00, 0x00, 0x00, 0x00, 0x00, 0x00, 0x00, 0x00, 0x00, 0x00, 0x00, 0x00, 0x00, 
    0x00, 0x00, 0x00, 0x00, 0x00, 0x00, 0x00, 0x00, 0x00, 0x00, 0x00, 0x00, 0x00, 0x00, 0x00, 0x00, 
    0x00, 0x00, 0x00, 0x00, 0x00, 0x00, 0x00, 0x00, 0x00, 0x00, 0x00, 0x00, 0x00, 0x00, 0x00, 0x00, 
    0x00, 0x00, 0x00, 0x00, 0x00, 0x00, 0x00, 0x00, 0x00, 0x00, 0x00, 0x00, 0x00, 0x00, 0x00, 0x00, 
    0x00, 0x00, 0x00, 0x00, 0x00, 0x00, 0x00, 0x00, 0x00, 0x00, 0x00, 0x00, 0x00, 0x00, 0x00, 0x00, 
    0x00, 0x00, 0x00, 0x00, 0x00, 0x00, 0x00, 0x00, 0x00, 0x00, 0x00, 0x00, 0x00, 0x00, 0x00, 0x00, 
    0x00, 0x00, 0x00, 0x00, 0x00, 0x00, 0x00, 0x00, 0x00, 0x00, 0x00, 0x00, 0x00, 0x00, 0x00, 0x00, 
    0x00, 0x00, 0x00, 0x00, 0x00, 0x00, 0x00, 0x00, 0x00, 0x00, 0x00, 0x00, 0x00, 0x00, 0x00, 0x00, 
    0x00, 0x00, 0x00, 0x00, 0x00, 0x00, 0x00, 0x00, 0x00, 0x00, 0x00, 0x00, 0x00, 0x00, 0x00, 0x00, 
    0x00, 0x00, 0x00, 0x00, 0x00, 0x00, 0x00, 0x00, 0x00, 0x00, 0x00, 0x00, 0x00, 0x00, 0x00, 0x00, 
    0x00, 0x00, 0x00, 0x00, 0x00, 0x00, 0x00, 0x00, 0x00, 0x00, 0x00, 0x00, 0x00, 0x00, 0x00, 0x00, 
    0x00, 0x00, 0x00, 0x00, 0x00, 0x00, 0x00, 0x00, 0x00, 0x00, 0x00, 0x00, 0x00, 0x00, 0x00, 0x00, 
    0x00, 0x00, 0x00, 0x00, 0x00, 0x00, 0x00, 0x00, 0x00, 0x00, 0x00, 0x00, 0x00, 0x00, 0x00, 0x00, 
    0x00, 0x00, 0x00, 0x00, 0x00, 0x00, 0x00, 0x00, 0x00, 0x00, 0x00, 0x00, 0x00, 0x00, 0x00, 0x00, 
    0x00, 0x00, 0x00, 0x00, 0x00, 0x00, 0x00, 0x00, 0x00, 0x00, 0x00, 0x00, 0x00, 0x00, 0x00, 0x00, 
    0x00, 0x00, 0x00, 0x00, 0x00, 0x00, 0x00, 0x00, 0x00, 0x00, 0x00, 0x00, 0x00, 0x00, 0x00, 0x00, 
    0x00, 0x00, 0x00, 0x00, 0x00, 0x00, 0x00, 0x00, 0x00, 0x00, 0x00, 0x00, 0x00, 0x00, 0x00, 0x00, 
    0x00, 0x00, 0x00, 0x00, 0x00, 0x00, 0x00, 0x00, 0x00, 0x00, 0x00, 0x00, 0x00, 0x00, 0xFF, 0xFF, 
    0xFF, 0xFF, 0xFF, 0xFF, 0x00, 0x00, 0xFF, 0xFF, 0xFF, 0xFF, 0xFF, 0xFF, 0x00, 0x00, 0xFF, 0xFF, 
    0xFF, 0xFF, 0xFF, 0xFF, 0x00, 0x00, 0xFF, 0xFF, 0xFF, 0xFF, 0xFF, 0xFF, 0x00, 0x00, 0xFF, 0xFF, 
    0xFF, 0xFF, 0xFF, 0xFF, 0x00, 0x00, 0xFF, 0xFF, 0xFF, 0xFF, 0xFF, 0xFF, 0x00, 0x00, 0xFF, 0xFF, 
    0xFF, 0xFF, 0xFF, 0xFF, 0x00, 0x00, 0xFF, 0xFF, 0xFF, 0xFF, 0xFF, 0xFF, 0x00, 0x00, 0x00, 0x00, 
    0x00, 0x00, 0x00, 0x00, 0x00, 0x00, 0x00, 0x00, 0x00, 0x00, 0x00, 0x00, 0x00, 0x00, 0x00, 0x00, 
    0x00, 0x00, 0x00, 0x00, 0x00, 0x00, 0x00, 0x00, 0x00, 0x00, 0x00, 0x00, 0x00, 0x00, 0x00, 0x00, 
    0x00, 0x00, 0x00, 0x00, 0x00, 0x00, 0x00, 0x00, 0x00, 0x00, 0x00, 0x00, 0x00, 0x00, 0x00, 0x00, 
    0x00, 0x00, 0x00, 0x00, 0x00, 0x00, 0x00, 0x00, 0x00, 0x00, 0x00, 0x00, 0x00, 0x00, 0x00, 0x00, 
    0x00, 0x00, 0x00, 0x00, 0x00, 0x00, 0x00, 0x00, 0x00, 0x00, 0x00, 0x00, 0x00, 0x00, 0x00, 0x00, 
    0x00, 0x00, 0x00, 0x00, 0x00, 0x00, 0x00, 0x00, 0x00, 0x00, 0x00, 0x00, 0x00, 0x00, 0x00, 0x00, 
    0x00, 0x00, 0x00, 0x00, 0x00, 0x00, 0x00, 0x00, 0x00, 0x00, 0x00, 0x00, 0x00, 0x00, 0x00, 0x00, 
    0x00, 0x00, 0x00, 0x00, 0x00, 0x00, 0x00, 0x00, 0x00, 0x00, 0x00, 0x00, 0x00, 0x00, 0x00, 0x00, 
    0x00, 0x00, 0x00, 0x00, 0x00, 0x00, 0x00, 0x00, 0x00, 0x00, 0x00, 0x00, 0x00, 0x00, 0x00, 0x00, 
    0x00, 0x00, 0x00, 0x00, 0x00, 0x00, 0x00, 0x00, 0x00, 0x00, 0x00, 0x00, 0x00, 0x00, 0x00, 0x00, 
    0x00, 0x00, 0x00, 0x00, 0x00, 0x00, 0x00, 0x00, 0x00, 0x00, 0x00, 0x00, 0x00, 0x00, 0x00, 0x00, 
    0x00, 0x00, 0x00, 0x00, 0x00, 0x00, 0x00, 0x00, 0x00, 0x00, 0x00, 0x00, 0x00, 0x00, 0x00, 0x00, 
    0x00, 0x00, 0x00, 0x00, 0x00, 0x00, 0x00, 0x00, 0x00, 0x00, 0x00, 0x00, 0x00, 0x00, 0x00, 0x00, 
    0x00, 0x00, 0x00, 0x00, 0x00, 0x00, 0x00, 0x00, 0x00, 0x00, 0x00, 0x00, 0x00, 0x00, 0x00, 0x00, 
    0x00, 0x00, 0x00, 0x00, 0x00, 0x00, 0x00, 0x00, 0x00, 0x00, 0x00, 0x00, 0x00, 0x00, 0x00, 0x00, 
    0x00, 0x00, 0x00, 0x00, 0x00, 0x00, 0x00, 0x00, 0x00, 0x00, 0x00, 0x00, 0x00, 0x00, 0xFF, 0xFF, 
    0xFF, 0xFF, 0xFF, 0xFF, 0x00, 0x00, 0xFF, 0xFF, 0xFF, 0xFF, 0xFF, 0xFF, 0x00, 0x00, 0xFF, 0xFF, 
    0xFF, 0xFF, 0xFF, 0xFF, 0x00, 0x00, 0xFF, 0xFF, 0xFF, 0xFF, 0xFF, 0xFF, 0x00, 0x00, 0xFF, 0xFF, 
    0xFF, 0xFF, 0xFF, 0xFF, 0x00, 0x00, 0xFF, 0xFF, 0xFF, 0xFF, 0xFF, 0xFF, 0x00, 0x00, 0xFF, 0xFF, 
    0xFF, 0xFF, 0xFF, 0xFF, 0x00, 0x00, 0xFF, 0xFF, 0xFF, 0xFF, 0xFF, 0xFF, 0x00, 0x00, 0x28, 0x00, 
    0x00, 0x00, 0x20, 0x00, 0x00, 0x00, 0x40, 0x00, 0x00, 0x00, 0x01, 0x00, 0x20, 0x00, 0x00, 0x00, 
    0x00, 0x00, 0x00, 0x00, 0x00, 0x00, 0x00, 0x00, 0x00, 0x00, 0x00, 0x00, 0x00, 0x00, 0x00, 0x00, 
    0x00, 0x00, 0x00, 0x00, 0x00, 0x00, 0x00, 0x00, 0x00, 0x00, 0x00, 0x00, 0x00, 0x00, 0x00, 0x00, 
    0x00, 0x00, 0x00, 0x00, 0x00, 0x00, 0x00, 0x00, 0x00, 0x00, 0x00, 0x00, 0x00, 0x00, 0x00, 0x00, 
    0x00, 0x00, 0x00, 0x00, 0x00, 0x00, 0x00, 0x00, 0x00, 0x00, 0x00, 0x00, 0x00, 0x00, 0x00, 0x00, 
    0x00, 0x00, 0x00, 0x00, 0x00, 0x00, 0x00, 0x00, 0x00, 0x00, 0x00, 0x00, 0x00, 0x00, 0x00, 0x00, 
    0x00, 0x00, 0x00, 0x00, 0x00, 0x00, 0x00, 0x00, 0x00, 0x00, 0x00, 0x00, 0x00, 0x00, 0x00, 0x00, 
    0x00, 0x00, 0x00, 0x00, 0x00, 0x00, 0x00, 0x00, 0x00, 0x00, 0x00, 0x00, 0x00, 0x00, 0x00, 0x00, 
    0x00, 0x00, 0x00, 0x00, 0x00, 0x00, 0x00, 0x00, 0x00, 0x00, 0x00, 0x00, 0x00, 0x00, 0x00, 0x00, 
    0x00, 0x00, 0x00, 0x00, 0x00, 0x00, 0x00, 0x00, 0x00, 0x00, 0x00, 0x00, 0x00, 0x00, 0x00, 0x00, 
    0x00, 0x00, 0x00, 0x00, 0x00, 0x00, 0x00, 0x00, 0x00, 0x00, 0x00, 0x00, 0x00, 0x00, 0x00, 0x00, 
    0x00, 0x00, 0x00, 0x00, 0x00, 0x00, 0x00, 0x00, 0x00, 0x00, 0x00, 0x00, 0x00, 0x00, 0x00, 0x00, 
    0x00, 0x00, 0x00, 0x00, 0x00, 0x00, 0x00, 0x00, 0x00, 0x00, 0x00, 0x00, 0x00, 0x00, 0x00, 0x00, 
    0x00, 0x00, 0x00, 0x00, 0x00, 0x00, 0x00, 0x00, 0x00, 0x00, 0x00, 0x00, 0x00, 0x00, 0x00, 0x00, 
    0x00, 0x00, 0x00, 0x00, 0x00, 0x00, 0x00, 0x00, 0x00, 0x00, 0x00, 0x00, 0x00, 0x00, 0x00, 0x00, 
    0x00, 0x00, 0x00, 0x00, 0x00, 0x00, 0x00, 0x00, 0x00, 0x00, 0x00, 0x00, 0x00, 0x00, 0x00, 0x00, 
    0x00, 0x00, 0x00, 0x00, 0x00, 0x00, 0x00, 0x00, 0x00, 0x00, 0x00, 0x00, 0x00, 0x00, 0x00, 0x00, 
    0x00, 0x00, 0x00, 0x00, 0x00, 0x00, 0x00, 0x00, 0x00, 0x00, 0x00, 0x00, 0x00, 0x00, 0x00, 0x00, 
    0x00, 0x00, 0x00, 0x00, 0x00, 0x00, 0x00, 0x00, 0x00, 0x00, 0x00, 0x00, 0x00, 0x00, 0x00, 0x00, 
    0x00, 0x00, 0x00, 0x00, 0x00, 0x00, 0x00, 0x00, 0x00, 0x00, 0x00, 0x00, 0x00, 0x00, 0x00, 0x00, 
    0x00, 0x00, 0x00, 0x00, 0x00, 0x00, 0x00, 0x00, 0x00, 0x00, 0x00, 0x00, 0x00, 0x00, 0x00, 0x00, 
    0x00, 0x00, 0x00, 0x00, 0x00, 0x00, 0x00, 0x00, 0x00, 0x00, 0x00, 0x00, 0x00, 0x00, 0x00, 0x00, 
    0x00, 0x00, 0x00, 0x00, 0x00, 0x00, 0x00, 0x00, 0x00, 0x00, 0x00, 0x00, 0x00, 0x00, 0x00, 0x00, 
    0x00, 0x00, 0x00, 0x00, 0x00, 0x00, 0x00, 0x00, 0x00, 0x00, 0x00, 0x00, 0x00, 0x00, 0x00, 0x00, 
    0x00, 0x00, 0x00, 0x00, 0x00, 0x00, 0x00, 0x00, 0x00, 0x00, 0x00, 0x00, 0x00, 0x00, 0x00, 0x00, 
    0x00, 0x00, 0x00, 0x00, 0x00, 0x00, 0x00, 0x00, 0x00, 0x00, 0x00, 0x00, 0x00, 0x00, 0x00, 0x00, 
    0x00, 0x00, 0x00, 0x00, 0x00, 0x00, 0x00, 0x00, 0x00, 0x00, 0x00, 0x00, 0x00, 0x00, 0x00, 0x00, 
    0x00, 0x00, 0x00, 0x00, 0x00, 0x00, 0x00, 0x00, 0x00, 0x00, 0x00, 0x00, 0x00, 0x00, 0x00, 0x00, 
    0x00, 0x00, 0x00, 0x00, 0x00, 0x00, 0x00, 0x00, 0x00, 0x00, 0x00, 0x00, 0x00, 0x00, 0x00, 0x00, 
    0x00, 0x00, 0x00, 0x00, 0x00, 0x00, 0x00, 0x00, 0x00, 0x00, 0x00, 0x00, 0x00, 0x00, 0x00, 0x00, 
    0x00, 0x00, 0x00, 0x00, 0x00, 0x00, 0x00, 0x00, 0x00, 0x00, 0x00, 0x00, 0x00, 0x00, 0x00, 0x00, 
    0x00, 0x00, 0x00, 0x00, 0x00, 0x00, 0x00, 0x00, 0x00, 0x00, 0x00, 0x00, 0x00, 0x00, 0x00, 0x00, 
    0x00, 0x00, 0x00, 0x00, 0x00, 0x00, 0x00, 0x00, 0x00, 0x00, 0x00, 0x00, 0x00, 0x00, 0x00, 0x00, 
    0x00, 0x00, 0x00, 0x00, 0x00, 0x00, 0x00, 0x00, 0x00, 0x00, 0x00, 0x00, 0x00, 0x00, 0x00, 0x00, 
    0x00, 0x00, 0x00, 0x00, 0x00, 0x00, 0x00, 0x00, 0x00, 0x00, 0x00, 0x00, 0x00, 0x00, 0x00, 0x00, 
    0x00, 0x00, 0x00, 0x00, 0x00, 0x00, 0x00, 0x00, 0x00, 0x00, 0x00, 0x00, 0x00, 0x00, 0x00, 0x00, 
    0x00, 0x00, 0x00, 0x00, 0x00, 0x00, 0x00, 0x00, 0x00, 0x00, 0x00, 0x00, 0x00, 0x00, 0x00, 0x00, 
    0x00, 0x00, 0x00, 0x00, 0x00, 0x00, 0x00, 0x00, 0x00, 0x00, 0x00, 0x00, 0x00, 0x00, 0x00, 0x00, 
    0x00, 0x00, 0x00, 0x00, 0x00, 0x00, 0x00, 0x00, 0x00, 0x00, 0x00, 0x00, 0x00, 0x00, 0x00, 0x00, 
    0x00, 0x00, 0x00, 0x00, 0x00, 0x00, 0x00, 0x00, 0x00, 0x00, 0x00, 0x00, 0x00, 0x00, 0x00, 0x00, 
    0x00, 0x00, 0x00, 0x00, 0x00, 0x00, 0x00, 0x00, 0x00, 0x00, 0x00, 0x00, 0x00, 0x00, 0x00, 0x00, 
    0x00, 0x00, 0x00, 0x00, 0x00, 0x00, 0x00, 0x00, 0x00, 0x00, 0x00, 0x00, 0x00, 0x00, 0x00, 0x00, 
    0x00, 0x00, 0x00, 0x00, 0x00, 0x00, 0x1F, 0x1F, 0x14, 0x19, 0x3D, 0x3D, 0x3D, 0x19, 0x52, 0x52, 
    0x52, 0x19, 0x7A, 0x7A, 0x7A, 0x19, 0xB8, 0xB8, 0xAD, 0x19, 0xCC, 0xCC, 0xCC, 0x19, 0xCC, 0xCC, 
    0xCC, 0x19, 0xD6, 0xD6, 0xD6, 0x19, 0xCC, 0xCC, 0xCC, 0x19, 0xE0, 0xE0, 0xE0, 0x19, 0xE0, 0xE0, 
    0xE0, 0x19, 0xB8, 0xB8, 0xC2, 0x19, 0x99, 0x99, 0x99, 0x19, 0x99, 0x99, 0x99, 0x19, 0xA3, 0xA3, 
    0xA3, 0x19, 0xC2, 0xC2, 0xC2, 0x19, 0xC2, 0xC2, 0xC2, 0x19, 0x8F, 0x8F, 0xA3, 0x19, 0x3D, 0x3D, 
    0x3D, 0x19, 0x33, 0x33, 0x33, 0x19, 0x3D, 0x3D, 0x3D, 0x19, 0x29, 0x29, 0x33, 0x19, 0x1F, 0x1F, 
    0x1F, 0x19, 0x0A, 0x0A, 0x14, 0x19, 0x0A, 0x0A, 0x0A, 0x19, 0x00, 0x00, 0x00, 0x19, 0x00, 0x00, 
    0x00, 0x19, 0x00, 0x00, 0x00, 0x19, 0x00, 0x00, 0x00, 0x19, 0x00, 0x00, 0x00, 0x19, 0x00, 0x00, 
    0x00, 0x19, 0x00, 0x00, 0x00, 0x19, 0x36, 0x36, 0x2D, 0xFF, 0x78, 0x78, 0x72, 0xFF, 0x9F, 0x9F, 
    0x9A, 0xFF, 0xBF, 0xBF, 0xBC, 0xFF, 0xC7, 0xC6, 0xC2, 0xFF, 0xD1, 0xD0, 0xD0, 0xFF, 0xCD, 0xCD, 
    0xC6, 0xFF, 0xD5, 0xD5, 0xD3, 0xFF, 0xCE, 0xCE, 0xCE, 0xFF, 0xC6, 0xC6, 0xC7, 0xFF, 0xB3, 0xB3, 
    0xB6, 0xFF, 0x8F, 0x8F, 0x96, 0xFF, 0x52, 0x52, 0x57, 0xFF, 0x75, 0x75, 0x6A, 0xFF, 0x99, 0x98, 
    0x98, 0xFF, 0xBE, 0xBE, 0xBB, 0xFF, 0xB4, 0xB4, 0xB6, 0xFF, 0x8B, 0x8B, 0x90, 0xFF, 0x50, 0x50, 
    0x5A, 0xFF, 0x30, 0x30, 0x32, 0xFF, 0x41, 0x41, 0x42, 0xFF, 0x37, 0x38, 0x3B, 0xFF, 0x1F, 0x20, 
    0x23, 0xFF, 0x13, 0x13, 0x15, 0xFF, 0x07, 0x07, 0x07, 0xFF, 0x04, 0x04, 0x04, 0xFF, 0x03, 0x03, 
    0x03, 0xFF, 0x03, 0x03, 0x03, 0xFF, 0x03, 0x03, 0x03, 0xFF, 0x03, 0x03, 0x03, 0xFF, 0x03, 0x03, 
    0x03, 0xFF, 0x03, 0x03, 0x03, 0xFF, 0x78, 0x78, 0x66, 0xFF, 0xB8, 0xB7, 0xB7, 0xFF, 0xCF, 0xCF, 
    0xCD, 0xFF, 0xD2, 0xD2, 0xD1, 0xFF, 0xD0, 0xD0, 0xCF, 0xFF, 0xCA, 0xCA, 0xCB, 0xFF, 0xC7, 0xC6, 
    0xC4, 0xFF, 0xC7, 0xC8, 0xC6, 0xFF, 0xBD, 0xBD, 0xBF, 0xFF, 0x5F, 0x60, 0x6C, 0xFF, 0x30, 0x30, 
    0x30, 0xFF, 0x69, 0x68, 0x64, 0xFF, 0x46, 0x46, 0x4B, 0xFF, 0x4F, 0x4F, 0x4C, 0xFF, 0x6A, 0x6B, 
    0x6C, 0xFF, 0x4F, 0x50, 0x57, 0xFF, 0x45, 0x46, 0x4A, 0xFF, 0x44, 0x45, 0x48, 0xFF, 0x48, 0x48, 
    0x4A, 0xFF, 0x3D, 0x3D, 0x41, 0xFF, 0x37, 0x37, 0x37, 0xFF, 0x46, 0x46, 0x48, 0xFF, 0x38, 0x38, 
    0x3D, 0xFF, 0x1F, 0x1F, 0x22, 0xFF, 0x11, 0x11, 0x14, 0xFF, 0x06, 0x06, 0x07, 0xFF, 0x04, 0x04, 
    0x04, 0xFF, 0x03, 0x03, 0x03, 0xFF, 0x03, 0x03, 0x03, 0xFF, 0x03, 0x03, 0x03, 0xFF, 0x03, 0x03, 
    0x03, 0xFF, 0x03, 0x03, 0x03, 0xFF, 0x7A, 0x7A, 0x6A, 0xFF, 0xA6, 0xA6, 0xA7, 0xFF, 0xB0, 0xB1, 
    0xAF, 0xFF, 0xC1, 0xC1, 0xBE, 0xFF, 0xCA, 0xCA, 0xCA, 0xFF, 0xA7, 0xA7, 0xAA, 0xFF, 0x97, 0x96, 
    0x93, 0xFF, 0xBC, 0xBD, 0xBB, 0xFF, 0xAC, 0xAD, 0xAF, 0xFF, 0x8C, 0x8D, 0x90, 0xFF, 0x61, 0x61, 
    0x63, 0xFF, 0x5D, 0x5E, 0x60, 0xFF, 0x4E, 0x4E, 0x53, 0xFF, 0x40, 0x42, 0x46, 0xFF, 0x39, 0x3B, 
    0x3E, 0xFF, 0x39, 0x3A, 0x3D, 0xFF, 0x3F, 0x41, 0x43, 0xFF, 0x49, 0x4A, 0x4B, 0xFF, 0x51, 0x51, 
    0x52, 0xFF, 0x51, 0x51, 0x53, 0xFF, 0x41, 0x41, 0x45, 0xFF, 0x3B, 0x3B, 0x3B, 0xFF, 0x44, 0x44, 
    0x47, 0xFF, 0x33, 0x33, 0x39, 0xFF, 0x20, 0x1F, 0x22, 0xFF, 0x1A, 0x1A, 0x1B, 0xFF, 0x16, 0x16, 
    0x17, 0xFF, 0x07, 0x07, 0x08, 0xFF, 0x03, 0x03, 0x03, 0xFF, 0x03, 0x03, 0x03, 0xFF, 0x03, 0x03, 
    0x03, 0xFF, 0x03, 0x03, 0x03, 0xFF, 0x36, 0x36, 0x2E, 0xFF, 0x4A, 0x4A, 0x4B, 0xFF, 0x4F, 0x4F, 
    0x4F, 0xFF, 0x86, 0x87, 0x7F, 0xFF, 0xA4, 0xA5, 0xA4, 0xFF, 0x93, 0x94, 0x97, 0xFF, 0x62, 0x63, 
    0x69, 0xFF, 0x46, 0x47, 0x4C, 0xFF, 0x42, 0x42, 0x45, 0xFF, 0x40, 0x40, 0x42, 0xFF, 0x44, 0x44, 
    0x46, 0xFF, 0x45, 0x45, 0x47, 0xFF, 0x43, 0x43, 0x45, 0xFF, 0x3F, 0x40, 0x43, 0xFF, 0x3E, 0x40, 
    0x43, 0xFF, 0x42, 0x44, 0x47, 0xFF, 0x4B, 0x4C, 0x4E, 0xFF, 0x54, 0x54, 0x55, 0xFF, 0x58, 0x58, 
    0x59, 0xFF, 0x56, 0x56, 0x58, 0xFF, 0x50, 0x50, 0x53, 0xFF, 0x40, 0x40, 0x44, 0xFF, 0x3E, 0x3E, 
    0x3F, 0xFF, 0x3D, 0x3E, 0x41, 0xFF, 0x30, 0x2F, 0x34, 0xFF, 0x4B, 0x4C, 0x41, 0xFF, 0x81, 0x81, 
    0x89, 0xFF, 0x1E, 0x1E, 0x24, 0xFF, 0x06, 0x06, 0x07, 0xFF, 0x03, 0x03, 0x03, 0xFF, 0x03, 0x03, 
    0x03, 0xFF, 0x03, 0x03, 0x03, 0xFF, 0x04, 0x04, 0x03, 0xFF, 0x0B, 0x0B, 0x09, 0xFF, 0x23, 0x23, 
    0x1F, 0xFF, 0x42, 0x42, 0x41, 0xFF, 0x42, 0x43, 0x45, 0xFF, 0x3A, 0x3B, 0x3D, 0xFF, 0x32, 0x34, 
    0x37, 0xFF, 0x31, 0x32, 0x35, 0xFF, 0x36, 0x36, 0x38, 0xFF, 0x3E, 0x3E, 0x3F, 0xFF, 0x48, 0x48, 
    0x49, 0xFF, 0x4B, 0x4B, 0x4D, 0xFF, 0x47, 0x47, 0x4A, 0xFF, 0x42, 0x43, 0x45, 0xFF, 0x42, 0x44, 
    0x47, 0xFF, 0x48, 0x4A, 0x4C, 0xFF, 0x51, 0x51, 0x53, 0xFF, 0x56, 0x56, 0x58, 0xFF, 0x56, 0x56, 
    0x59, 0xFF, 0x50, 0x51, 0x54, 0xFF, 0x4A, 0x4B, 0x4E, 0xFF, 0x44, 0x45, 0x48, 0xFF, 0x3D, 0x3D, 
    0x3F, 0xFF, 0x49, 0x4A, 0x4A, 0xFF, 0x44, 0x44, 0x46, 0xFF, 0x59, 0x5A, 0x52, 0xFF, 0xB6, 0xB6, 
    0xB8, 0xFF, 0x6A, 0x69, 0x79, 0xFF, 0x0F, 0x0F, 0x13, 0xFF, 0x04, 0x04, 0x04, 0xFF, 0x03, 0x03, 
    0x03, 0xFF, 0x03, 0x03, 0x03, 0xFF, 0x03, 0x03, 0x03, 0xFF, 0x03, 0x03, 0x03, 0xFF, 0x05, 0x05, 
    0x05, 0xFF, 0x10, 0x10, 0x0E, 0xFF, 0x2B, 0x2B, 0x28, 0xFF, 0x3E, 0x3F, 0x40, 0xFF, 0x35, 0x37, 
    0x3B, 0xFF, 0x33, 0x35, 0x38, 0xFF, 0x38, 0x39, 0x3A, 0xFF, 0x43, 0x44, 0x44, 0xFF, 0x51, 0x52, 
    0x52, 0xFF, 0x55, 0x55, 0x57, 0xFF, 0x4D, 0x4D, 0x50, 0xFF, 0x43, 0x44, 0x47, 0xFF, 0x40, 0x41, 
    0x45, 0xFF, 0x43, 0x44, 0x47, 0xFF, 0x49, 0x49, 0x4C, 0xFF, 0x4A, 0x4A, 0x4D, 0xFF, 0x45, 0x45, 
    0x4A, 0xFF, 0x3F, 0x41, 0x45, 0xFF, 0x3B, 0x3C, 0x40, 0xFF, 0x37, 0x38, 0x3C, 0xFF, 0x33, 0x34, 
    0x39, 0xFF, 0x3F, 0x40, 0x3F, 0xFF, 0x4F, 0x50, 0x54, 0xFF, 0x55, 0x55, 0x52, 0xFF, 0xB1, 0xB2, 
    0xAE, 0xFF, 0x96, 0x96, 0x9D, 0xFF, 0x29, 0x28, 0x31, 0xFF, 0x07, 0x07, 0x09, 0xFF, 0x03, 0x03, 
    0x03, 0xFF, 0x03, 0x03, 0x03, 0xFF, 0x03, 0x03, 0x03, 0xFF, 0x03, 0x03, 0x03, 0xFF, 0x03, 0x03, 
    0x03, 0xFF, 0x04, 0x04, 0x03, 0xFF, 0x07, 0x07, 0x06, 0xFF, 0x14, 0x14, 0x12, 0xFF, 0x2E, 0x2F, 
    0x2D, 0xFF, 0x38, 0x3A, 0x3D, 0xFF, 0x39, 0x3B, 0x3D, 0xFF, 0x4B, 0x4B, 0x4A, 0xFF, 0x60, 0x60, 
    0x5F, 0xFF, 0x61, 0x61, 0x64, 0xFF, 0x4F, 0x4F, 0x53, 0xFF, 0x40, 0x40, 0x45, 0xFF, 0x39, 0x38, 
    0x3D, 0xFF, 0x37, 0x37, 0x3B, 0xFF, 0x36, 0x36, 0x3B, 0xFF, 0x34, 0x35, 0x39, 0xFF, 0x30, 0x31, 
    0x35, 0xFF, 0x2C, 0x2D, 0x31, 0xFF, 0x2A, 0x2B, 0x2F, 0xFF, 0x29, 0x29, 0x2E, 0xFF, 0x26, 0x27, 
    0x2B, 0xFF, 0x25, 0x26, 0x2A, 0xFF, 0x31, 0x32, 0x34, 0xFF, 0x37, 0x37, 0x38, 0xFF, 0x97, 0x97, 
    0x88, 0xFF, 0xA4, 0xA3, 0xA2, 0xFF, 0x68, 0x62, 0x71, 0xFF, 0x14, 0x12, 0x1A, 0xFF, 0x04, 0x04, 
    0x04, 0xFF, 0x03, 0x03, 0x03, 0xFF, 0x03, 0x03, 0x03, 0xFF, 0x03, 0x03, 0x03, 0xFF, 0x03, 0x03, 
    0x03, 0xFF, 0x03, 0x03, 0x03, 0xFF, 0x03, 0x03, 0x03, 0xFF, 0x04, 0x04, 0x04, 0xFF, 0x09, 0x09, 
    0x08, 0xFF, 0x16, 0x16, 0x15, 0xFF, 0x33, 0x33, 0x31, 0xFF, 0x58, 0x58, 0x54, 0xFF, 0x75, 0x76, 
    0x74, 0xFF, 0x6A, 0x6B, 0x6E, 0xFF, 0x49, 0x49, 0x50, 0xFF, 0x35, 0x36, 0x3B, 0xFF, 0x2D, 0x2D, 
    0x32, 0xFF, 0x28, 0x29, 0x2D, 0xFF, 0x25, 0x25, 0x2A, 0xFF, 0x22, 0x24, 0x28, 0xFF, 0x20, 0x22, 
    0x26, 0xFF, 0x1E, 0x1E, 0x24, 0xFF, 0x1D, 0x1E, 0x22, 0xFF, 0x1E, 0x1E, 0x23, 0xFF, 0x1C, 0x1C, 
    0x21, 0xFF, 0x1C, 0x1C, 0x1F, 0xFF, 0x1A, 0x19, 0x1D, 0xFF, 0x25, 0x24, 0x23, 0xFF, 0x7A, 0x7A, 
    0x68, 0xFF, 0xAD, 0xA8, 0xA9, 0xFF, 0x70, 0x65, 0x7B, 0xFF, 0x2B, 0x27, 0x3B, 0xFF, 0x04, 0x04, 
    0x05, 0xFF, 0x03, 0x03, 0x03, 0xFF, 0x03, 0x03, 0x03, 0xFF, 0x03, 0x03, 0x03, 0xFF, 0x03, 0x03, 
    0x03, 0xFF, 0x03, 0x03, 0x03, 0xFF, 0x03, 0x03, 0x03, 0xFF, 0x03, 0x03, 0x03, 0xFF, 0x03, 0x03, 
    0x03, 0xFF, 0x04, 0x04, 0x04, 0xFF, 0x15, 0x15, 0x11, 0xFF, 0x7B, 0x7B, 0x69, 0xFF, 0x93, 0x93, 
    0x97, 0xFF, 0x72, 0x72, 0x79, 0xFF, 0x3B, 0x3C, 0x44, 0xFF, 0x29, 0x29, 0x2F, 0xFF, 0x23, 0x23, 
    0x28, 0xFF, 0x26, 0x26, 0x2A, 0xFF, 0x28, 0x29, 0x2D, 0xFF, 0x1E, 0x1E, 0x24, 0xFF, 0x19, 0x1A, 
    0x1E, 0xFF, 0x1A, 0x1B, 0x1E, 0xFF, 0x1D, 0x1D, 0x20, 0xFF, 0x21, 0x21, 0x25, 0xFF, 0x27, 0x27, 
    0x2B, 0xFF, 0x28, 0x28, 0x2B, 0xFF, 0x2A, 0x29, 0x2C, 0xFF, 0x31, 0x30, 0x30, 0xFF, 0x75, 0x75, 
    0x65, 0xFF, 0xA7, 0xA4, 0xA7, 0xFF, 0x71, 0x68, 0x80, 0xFF, 0x19, 0x18, 0x21, 0xFF, 0x04, 0x04, 
    0x04, 0xFF, 0x03, 0x03, 0x03, 0xFF, 0x03, 0x03, 0x03, 0xFF, 0x03, 0x03, 0x03, 0xFF, 0x03, 0x03, 
    0x03, 0xFF, 0x03, 0x03, 0x03, 0xFF, 0x03, 0x03, 0x03, 0xFF, 0x03, 0x03, 0x03, 0xFF, 0x03, 0x03, 
    0x03, 0xFF, 0x03, 0x03, 0x03, 0xFF, 0x10, 0x10, 0x0C, 0xFF, 0x79, 0x79, 0x64, 0xFF, 0xCE, 0xCE, 
    0xCD, 0xFF, 0x95, 0x95, 0xA1, 0xFF, 0x34, 0x35, 0x3E, 0xFF, 0x23, 0x24, 0x28, 0xFF, 0x21, 0x21, 
    0x26, 0xFF, 0x34, 0x33, 0x32, 0xFF, 0x6F, 0x6E, 0x76, 0xFF, 0x30, 0x30, 0x36, 0xFF, 0x2D, 0x2E, 
    0x30, 0xFF, 0x30, 0x32, 0x33, 0xFF, 0x43, 0x43, 0x43, 0xFF, 0x6A, 0x6A, 0x67, 0xFF, 0x89, 0x89, 
    0x88, 0xFF, 0x66, 0x66, 0x70, 0xFF, 0x34, 0x34, 0x38, 0xFF, 0x22, 0x22, 0x23, 0xFF, 0x4E, 0x4D, 
    0x3B, 0xFF, 0x9F, 0x9D, 0x9F, 0xFF, 0x49, 0x44, 0x62, 0xFF, 0x09, 0x08, 0x0B, 0xFF, 0x03, 0x03, 
    0x03, 0xFF, 0x03, 0x03, 0x03, 0xFF, 0x03, 0x03, 0x03, 0xFF, 0x03, 0x03, 0x03, 0xFF, 0x03, 0x03, 
    0x03, 0xFF, 0x03, 0x03, 0x03, 0xFF, 0x03, 0x03, 0x03, 0xFF, 0x03, 0x03, 0x03, 0xFF, 0x03, 0x03, 
    0x03, 0xFF, 0x03, 0x03, 0x03, 0xFF, 0x0A, 0x0A, 0x08, 0xFF, 0x4E, 0x4E, 0x3D, 0xFF, 0xCC, 0xCC, 
    0xC8, 0xFF, 0xA0, 0xA0, 0xAD, 0xFF, 0x1A, 0x1A, 0x23, 0xFF, 0x1F, 0x20, 0x1E, 0xFF, 0x2C, 0x2D, 
    0x30, 0xFF, 0x51, 0x51, 0x4D, 0xFF, 0x71, 0x6F, 0x6E, 0xFF, 0x84, 0x84, 0x85, 0xFF, 0x7C, 0x7C, 
    0x80, 0xFF, 0x42, 0x43, 0x4A, 0xFF, 0x23, 0x23, 0x24, 0xFF, 0x53, 0x53, 0x49, 0xFF, 0x79, 0x79, 
    0x7A, 0xFF, 0x2A, 0x2B, 0x35, 0xFF, 0x0A, 0x0A, 0x0B, 0xFF, 0x07, 0x07, 0x06, 0xFF, 0x48, 0x47, 
    0x38, 0xFF, 0xAE, 0xAA, 0xAA, 0xFF, 0x7E, 0x60, 0x95, 0xFF, 0x0C, 0x08, 0x10, 0xFF, 0x03, 0x03, 
    0x03, 0xFF, 0x03, 0x03, 0x03, 0xFF, 0x03, 0x03, 0x03, 0xFF, 0x03, 0x03, 0x03, 0xFF, 0x03, 0x03, 
    0x03, 0xFF, 0x03, 0x03, 0x03, 0xFF, 0x03, 0x03, 0x03, 0xFF, 0x03, 0x03, 0x03, 0xFF, 0x03, 0x03, 
    0x03, 0xFF, 0x03, 0x03, 0x03, 0xFF, 0x09, 0x09, 0x07, 0xFF, 0x4D, 0x4C, 0x3C, 0xFF, 0xC8, 0xC8, 
    0xC4, 0xFF, 0x94, 0x94, 0xA2, 0xFF, 0x10, 0x10, 0x19, 0xFF, 0x07, 0x07, 0x07, 0xFF, 0x19, 0x19, 
    0x16, 0xFF, 0x6E, 0x6D, 0x61, 0xFF, 0x88, 0x87, 0x89, 0xFF, 0xAF, 0xAE, 0xAA, 0xFF, 0xD2, 0xD1, 
    0xD3, 0xFF, 0x98, 0x98, 0xA5, 0xFF, 0x1B, 0x1B, 0x24, 0xFF, 0x0B, 0x0B, 0x0B, 0xFF, 0x0F, 0x0F, 
    0x0F, 0xFF, 0x08, 0x08, 0x09, 0xFF, 0x05, 0x05, 0x05, 0xFF, 0x0A, 0x0A, 0x08, 0xFF, 0x49, 0x48, 
    0x3A, 0xFF, 0xC2, 0xBE, 0xBC, 0xFF, 0x8D, 0x75, 0xA4, 0xFF, 0x0D, 0x09, 0x12, 0xFF, 0x03, 0x03, 
    0x04, 0xFF, 0x04, 0x04, 0x04, 0xFF, 0x04, 0x04, 0x05, 0xFF, 0x03, 0x03, 0x03, 0xFF, 0x03, 0x03, 
    0x03, 0xFF, 0x03, 0x03, 0x03, 0xFF, 0x03, 0x03, 0x03, 0xFF, 0x03, 0x03, 0x03, 0xFF, 0x03, 0x03, 
    0x03, 0xFF, 0x03, 0x03, 0x03, 0xFF, 0x0A, 0x0A, 0x08, 0xFF, 0x54, 0x54, 0x43, 0xFF, 0xC8, 0xC7, 
    0xC5, 0xFF, 0x8C, 0x8C, 0x9B, 0xFF, 0x0E, 0x0E, 0x15, 0xFF, 0x07, 0x07, 0x06, 0xFF, 0x1A, 0x1A, 
    0x17, 0xFF, 0x6D, 0x6B, 0x69, 0xFF, 0x76, 0x76, 0x79, 0xFF, 0x7F, 0x7E, 0x79, 0xFF, 0xC0, 0xBF, 
    0xBF, 0xFF, 0xAE, 0xAD, 0xB2, 0xFF, 0x4A, 0x4A, 0x58, 0xFF, 0x1A, 0x1A, 0x1D, 0xFF, 0x15, 0x15, 
    0x16, 0xFF, 0x1E, 0x1D, 0x1E, 0xFF, 0x30, 0x2E, 0x2E, 0xFF, 0x49, 0x47, 0x47, 0xFF, 0x72, 0x71, 
    0x6A, 0xFF, 0xC5, 0xC4, 0xC2, 0xFF, 0x87, 0x7E, 0x93, 0xFF, 0x30, 0x2D, 0x32, 0xFF, 0x33, 0x32, 
    0x31, 0xFF, 0x40, 0x40, 0x3F, 0xFF, 0x09, 0x09, 0x0E, 0xFF, 0x03, 0x03, 0x03, 0xFF, 0x03, 0x03, 
    0x03, 0xFF, 0x03, 0x03, 0x03, 0xFF, 0x03, 0x03, 0x03, 0xFF, 0x03, 0x03, 0x03, 0xFF, 0x03, 0x03, 
    0x03, 0xFF, 0x03, 0x03, 0x03, 0xFF, 0x0B, 0x0B, 0x09, 0xFF, 0x5C, 0x5C, 0x49, 0xFF, 0xC6, 0xC6, 
    0xC4, 0xFF, 0x85, 0x85, 0x96, 0xFF, 0x10, 0x10, 0x15, 0xFF, 0x18, 0x18, 0x13, 0xFF, 0x49, 0x49, 
    0x4C, 0xFF, 0x2C, 0x2C, 0x31, 0xFF, 0x23, 0x23, 0x23, 0xFF, 0x5F, 0x5F, 0x5E, 0xFF, 0x64, 0x64, 
    0x64, 0xFF, 0xAE, 0xB0, 0xA6, 0xFF, 0xC4, 0xC6, 0xC5, 0xFF, 0x9A, 0x99, 0xA1, 0xFF, 0x86, 0x84, 
    0x88, 0xFF, 0x95, 0x94, 0x93, 0xFF, 0xAE, 0xAC, 0xA9, 0xFF, 0xC7, 0xC5, 0xC2, 0xFF, 0xD8, 0xD7, 
    0xD2, 0xFF, 0xC2, 0xC1, 0xC9, 0xFF, 0x9B, 0x96, 0x9B, 0xFF, 0xC0, 0xBA, 0xBD, 0xFF, 0xBF, 0xBE, 
    0xBB, 0xFF, 0xB0, 0xB0, 0xB6, 0xFF, 0x0C, 0x0C, 0x13, 0xFF, 0x03, 0x03, 0x03, 0xFF, 0x03, 0x03, 
    0x03, 0xFF, 0x03, 0x03, 0x03, 0xFF, 0x03, 0x03, 0x03, 0xFF, 0x03, 0x03, 0x03, 0xFF, 0x03, 0x03, 
    0x03, 0xFF, 0x03, 0x03, 0x03, 0xFF, 0x0D, 0x0D, 0x0A, 0xFF, 0x68, 0x68, 0x53, 0xFF, 0xDA, 0xD8, 
    0xD6, 0xFF, 0xA9, 0xA8, 0xB5, 0xFF, 0x4B, 0x49, 0x50, 0xFF, 0x4B, 0x4A, 0x4A, 0xFF, 0x58, 0x58, 
    0x5D, 0xFF, 0x36, 0x36, 0x38, 0xFF, 0x35, 0x35, 0x37, 0xFF, 0x62, 0x62, 0x61, 0xFF, 0x70, 0x6F, 
    0x71, 0xFF, 0xB1, 0xA7, 0xA7, 0xFF, 0xE8, 0xDA, 0xE0, 0xFF, 0xED, 0xEA, 0xED, 0xFF, 0xE2, 0xE1, 
    0xE3, 0xFF, 0xD9, 0xD8, 0xD8, 0xFF, 0xD5, 0xD3, 0xD3, 0xFF, 0xD8, 0xD6, 0xD6, 0xFF, 0xDD, 0xDC, 
    0xDB, 0xFF, 0xC6, 0xC5, 0xD0, 0xFF, 0x95, 0x94, 0x8F, 0xFF, 0xE0, 0xDE, 0xD9, 0xFF, 0xE4, 0xE3, 
    0xE0, 0xFF, 0xD6, 0xD5, 0xD9, 0xFF, 0x06, 0x06, 0x09, 0xFF, 0x03, 0x03, 0x03, 0xFF, 0x03, 0x03, 
    0x03, 0xFF, 0x03, 0x03, 0x03, 0xFF, 0x03, 0x03, 0x03, 0xFF, 0x03, 0x03, 0x03, 0xFF, 0x03, 0x03, 
    0x03, 0xFF, 0x03, 0x03, 0x03, 0xFF, 0x0F, 0x0F, 0x0B, 0xFF, 0x76, 0x75, 0x5F, 0xFF, 0xF5, 0xF4, 
    0xF0, 0xFF, 0xE9, 0xE8, 0xEB, 0xFF, 0xCD, 0xCD, 0xD0, 0xFF, 0xB9, 0xB8, 0xBC, 0xFF, 0x89, 0x87, 
    0x8F, 0xFF, 0x9D, 0x9C, 0x9B, 0xFF, 0x93, 0x94, 0x98, 0xFF, 0x8D, 0x8B, 0x8F, 0xFF, 0x84, 0x79, 
    0x84, 0xFF, 0xB0, 0xA9, 0xA6, 0xFF, 0xE2, 0xD6, 0xDE, 0xFF, 0xE7, 0xD7, 0xE3, 0xFF, 0xE8, 0xE5, 
    0xE7, 0xFF, 0xE5, 0xE4, 0xE2, 0xFF, 0xE6, 0xE4, 0xE1, 0xFF, 0xEB, 0xEA, 0xE6, 0xFF, 0xED, 0xEC, 
    0xE8, 0xFF, 0xC5, 0xC5, 0xCD, 0xFF, 0x72, 0x71, 0x7A, 0xFF, 0x8C, 0x8B, 0x8A, 0xFF, 0x78, 0x78, 
    0x79, 0xFF, 0x69, 0x68, 0x69, 0xFF, 0x03, 0x03, 0x03, 0xFF, 0x03, 0x03, 0x03, 0xFF, 0x03, 0x03, 
    0x03, 0xFF, 0x03, 0x03, 0x03, 0xFF, 0x03, 0x03, 0x03, 0xFF, 0x03, 0x03, 0x03, 0xFF, 0x03, 0x03, 
    0x03, 0xFF, 0x03, 0x03, 0x03, 0xFF, 0x12, 0x12, 0x0E, 0xFF, 0x8F, 0x8F, 0x76, 0xFF, 0xF6, 0xF6, 
    0xF5, 0xFF, 0xE7, 0xE6, 0xEA, 0xFF, 0xD5, 0xD4, 0xD8, 0xFF, 0xC9, 0xC9, 0xCA, 0xFF, 0xC4, 0xC4, 
    0xC5, 0xFF, 0xB4, 0xB4, 0xB3, 0xFF, 0xB1, 0xB0, 0xB3, 0xFF, 0xB1, 0xAD, 0xB0, 0xFF, 0xAC, 0xA7, 
    0xAE, 0xFF, 0xBE, 0xBE, 0xB7, 0xFF, 0xE9, 0xE5, 0xE7, 0xFF, 0xDA, 0xC6, 0xD8, 0xFF, 0xC1, 0xBD, 
    0xC2, 0xFF, 0xB4, 0xB2, 0xB4, 0xFF, 0xB0, 0xAD, 0xAF, 0xFF, 0xB1, 0xAE, 0xB1, 0xFF, 0xB1, 0xAF, 
    0xB0, 0xFF, 0xB2, 0xB1, 0xB5, 0xFF, 0x70, 0x6F, 0x79, 0xFF, 0x1B, 0x1B, 0x1E, 0xFF, 0x11, 0x11, 
    0x12, 0xFF, 0x0D, 0x0D, 0x0E, 0xFF, 0x03, 0x03, 0x03, 0xFF, 0x03, 0x03, 0x03, 0xFF, 0x03, 0x03, 
    0x03, 0xFF, 0x03, 0x03, 0x03, 0xFF, 0x03, 0x03, 0x03, 0xFF, 0x03, 0x03, 0x03, 0xFF, 0x03, 0x03, 
    0x03, 0xFF, 0x03, 0x03, 0x03, 0xFF, 0x12, 0x12, 0x0E, 0xFF, 0x87, 0x87, 0x6F, 0xFF, 0xF6, 0xF6, 
    0xF5, 0xFF, 0xE8, 0xE7, 0xEB, 0xFF, 0xBF, 0xBF, 0xC4, 0xFF, 0xA4, 0xA4, 0xA7, 0xFF, 0x9D, 0x9C, 
    0x9C, 0xFF, 0xBA, 0xB9, 0xB5, 0xFF, 0xC6, 0xC5, 0xC7, 0xFF, 0xD0, 0xCE, 0xCC, 0xFF, 0xD9, 0xD7, 
    0xD9, 0xFF, 0xCD, 0xCC, 0xCA, 0xFF, 0xD4, 0xD0, 0xD3, 0xFF, 0xA0, 0x8D, 0xA6, 0xFF, 0x6E, 0x6A, 
    0x71, 0xFF, 0x70, 0x6F, 0x72, 0xFF, 0x6F, 0x6D, 0x71, 0xFF, 0x69, 0x67, 0x6B, 0xFF, 0x5F, 0x5E, 
    0x60, 0xFF, 0x56, 0x56, 0x58, 0xFF, 0x36, 0x36, 0x3B, 0xFF, 0x08, 0x08, 0x0A, 0xFF, 0x03, 0x03, 
    0x03, 0xFF, 0x03, 0x03, 0x03, 0xFF, 0x03, 0x03, 0x03, 0xFF, 0x03, 0x03, 0x03, 0xFF, 0x03, 0x03, 
    0x03, 0xFF, 0x03, 0x03, 0x03, 0xFF, 0x03, 0x03, 0x03, 0xFF, 0x03, 0x03, 0x03, 0xFF, 0x03, 0x03, 
    0x03, 0xFF, 0x03, 0x03, 0x03, 0xFF, 0x0B, 0x0B, 0x09, 0xFF, 0x57, 0x57, 0x45, 0xFF, 0xC9, 0xC8, 
    0xC4, 0xFF, 0x8A, 0x89, 0x96, 0xFF, 0x60, 0x60, 0x63, 0xFF, 0x57, 0x57, 0x59, 0xFF, 0x5F, 0x5F, 
    0x60, 0xFF, 0x8C, 0x8C, 0x85, 0xFF, 0x9E, 0x9D, 0x9C, 0xFF, 0xA0, 0x9F, 0xA0, 0xFF, 0xB0, 0xAB, 
    0xAF, 0xFF, 0xA9, 0xA4, 0xAC, 0xFF, 0x75, 0x6D, 0x78, 0xFF, 0x5D, 0x55, 0x64, 0xFF, 0x22, 0x21, 
    0x25, 0xFF, 0x18, 0x18, 0x19, 0xFF, 0x15, 0x15, 0x16, 0xFF, 0x13, 0x13, 0x13, 0xFF, 0x10, 0x10, 
    0x11, 0xFF, 0x0E, 0x0E, 0x0E, 0xFF, 0x09, 0x09, 0x0A, 0xFF, 0x04, 0x04, 0x04, 0xFF, 0x03, 0x03, 
    0x03, 0xFF, 0x03, 0x03, 0x03, 0xFF, 0x03, 0x03, 0x04, 0xFF, 0x03, 0x03, 0x03, 0xFF, 0x03, 0x03, 
    0x03, 0xFF, 0x03, 0x03, 0x03, 0xFF, 0x03, 0x03, 0x03, 0xFF, 0x03, 0x03, 0x03, 0xFF, 0x03, 0x03, 
    0x03, 0xFF, 0x03, 0x03, 0x03, 0xFF, 0x05, 0x05, 0x04, 0xFF, 0x13, 0x13, 0x10, 0xFF, 0x2A, 0x2A, 
    0x28, 0xFF, 0x28, 0x28, 0x2B, 0xFF, 0x19, 0x19, 0x1A, 0xFF, 0x14, 0x14, 0x15, 0xFF, 0x13, 0x13, 
    0x13, 0xFF, 0x21, 0x21, 0x1E, 0xFF, 0x6C, 0x6C, 0x62, 0xFF, 0x97, 0x96, 0x96, 0xFF, 0x78, 0x75, 
    0x81, 0xFF, 0x51, 0x49, 0x57, 0xFF, 0x29, 0x24, 0x2B, 0xFF, 0x41, 0x3E, 0x41, 0xFF, 0x0F, 0x0F, 
    0x12, 0xFF, 0x04, 0x04, 0x04, 0xFF, 0x03, 0x03, 0x03, 0xFF, 0x03, 0x03, 0x03, 0xFF, 0x03, 0x03, 
    0x03, 0xFF, 0x03, 0x03, 0x03, 0xFF, 0x03, 0x03, 0x03, 0xFF, 0x03, 0x03, 0x03, 0xFF, 0x03, 0x03, 
    0x03, 0xFF, 0x03, 0x03, 0x03, 0xFF, 0x0A, 0x0A, 0x0A, 0x19, 0x00, 0x00, 0x00, 0x19, 0x00, 0x00, 
    0x00, 0x19, 0x00, 0x00, 0x00, 0x19, 0x00, 0x00, 0x00, 0x19, 0x00, 0x00, 0x00, 0x19, 0x00, 0x00, 
    0x00, 0x19, 0x00, 0x00, 0x00, 0x19, 0x00, 0x00, 0x00, 0x19, 0x0A, 0x0A, 0x0A, 0x19, 0x0A, 0x0A, 
    0x0A, 0x19, 0x14, 0x14, 0x14, 0x19, 0x0A, 0x0A, 0x0A, 0x19, 0x0A, 0x0A, 0x0A, 0x19, 0x0A, 0x0A, 
    0x0A, 0x19, 0x14, 0x14, 0x0A, 0x19, 0x7A, 0x7A, 0x70, 0x19, 0xAD, 0xAD, 0xAD, 0x19, 0x85, 0x85, 
    0x8F, 0x19, 0x33, 0x29, 0x47, 0x19, 0x14, 0x14, 0x14, 0x19, 0x3D, 0x3D, 0x33, 0x19, 0x14, 0x14, 
    0x14, 0x19, 0x00, 0x00, 0x00, 0x19, 0x00, 0x00, 0x00, 0x19, 0x00, 0x00, 0x00, 0x19, 0x00, 0x00, 
    0x00, 0x19, 0x00, 0x00, 0x00, 0x19, 0x00, 0x00, 0x00, 0x19, 0x00, 0x00, 0x00, 0x19, 0x00, 0x00, 
    0x00, 0x19, 0x00, 0x00, 0x00, 0x19, 0x00, 0x00, 0x00, 0x00, 0x00, 0x00, 0x00, 0x00, 0x00, 0x00, 
    0x00, 0x00, 0x00, 0x00, 0x00, 0x00, 0x00, 0x00, 0x00, 0x00, 0x00, 0x00, 0x00, 0x00, 0x00, 0x00, 
    0x00, 0x00, 0x00, 0x00, 0x00, 0x00, 0x00, 0x00, 0x00, 0x00, 0x00, 0x00, 0x00, 0x00, 0x00, 0x00, 
    0x00, 0x00, 0x00, 0x00, 0x00, 0x00, 0x00, 0x00, 0x00, 0x00, 0x00, 0x00, 0x00, 0x00, 0x00, 0x00, 
    0x00, 0x00, 0x00, 0x00, 0x00, 0x00, 0x00, 0x00, 0x00, 0x00, 0x00, 0x00, 0x00, 0x00, 0x00, 0x00, 
    0x00, 0x00, 0x00, 0x00, 0x00, 0x00, 0x00, 0x00, 0x00, 0x00, 0x00, 0x00, 0x00, 0x00, 0x00, 0x00, 
    0x00, 0x00, 0x00, 0x00, 0x00, 0x00, 0x00, 0x00, 0x00, 0x00, 0x00, 0x00, 0x00, 0x00, 0x00, 0x00, 
    0x00, 0x00, 0x00, 0x00, 0x00, 0x00, 0x00, 0x00, 0x00, 0x00, 0x00, 0x00, 0x00, 0x00, 0x00, 0x00, 
    0x00, 0x00, 0x00, 0x00, 0x00, 0x00, 0x00, 0x00, 0x00, 0x00, 0x00, 0x00, 0x00, 0x00, 0x00, 0x00, 
    0x00, 0x00, 0x00, 0x00, 0x00, 0x00, 0x00, 0x00, 0x00, 0x00, 0x00, 0x00, 0x00, 0x00, 0x00, 0x00, 
    0x00, 0x00, 0x00, 0x00, 0x00, 0x00, 0x00, 0x00, 0x00, 0x00, 0x00, 0x00, 0x00, 0x00, 0x00, 0x00, 
    0x00, 0x00, 0x00, 0x00, 0x00, 0x00, 0x00, 0x00, 0x00, 0x00, 0x00, 0x00, 0x00, 0x00, 0x00, 0x00, 
    0x00, 0x00, 0x00, 0x00, 0x00, 0x00, 0x00, 0x00, 0x00, 0x00, 0x00, 0x00, 0x00, 0x00, 0x00, 0x00, 
    0x00, 0x00, 0x00, 0x00, 0x00, 0x00, 0x00, 0x00, 0x00, 0x00, 0x00, 0x00, 0x00, 0x00, 0x00, 0x00, 
    0x00, 0x00, 0x00, 0x00, 0x00, 0x00, 0x00, 0x00, 0x00, 0x00, 0x00, 0x00, 0x00, 0x00, 0x00, 0x00, 
    0x00, 0x00, 0x00, 0x00, 0x00, 0x00, 0x00, 0x00, 0x00, 0x00, 0x00, 0x00, 0x00, 0x00, 0x00, 0x00, 
    0x00, 0x00, 0x00, 0x00, 0x00, 0x00, 0x00, 0x00, 0x00, 0x00, 0x00, 0x00, 0x00, 0x00, 0x00, 0x00, 
    0x00, 0x00, 0x00, 0x00, 0x00, 0x00, 0x00, 0x00, 0x00, 0x00, 0x00, 0x00, 0x00, 0x00, 0x00, 0x00, 
    0x00, 0x00, 0x00, 0x00, 0x00, 0x00, 0x00, 0x00, 0x00, 0x00, 0x00, 0x00, 0x00, 0x00, 0x00, 0x00, 
    0x00, 0x00, 0x00, 0x00, 0x00, 0x00, 0x00, 0x00, 0x00, 0x00, 0x00, 0x00, 0x00, 0x00, 0x00, 0x00, 
    0x00, 0x00, 0x00, 0x00, 0x00, 0x00, 0x00, 0x00, 0x00, 0x00, 0x00, 0x00, 0x00, 0x00, 0x00, 0x00, 
    0x00, 0x00, 0x00, 0x00, 0x00, 0x00, 0x00, 0x00, 0x00, 0x00, 0x00, 0x00, 0x00, 0x00, 0x00, 0x00, 
    0x00, 0x00, 0x00, 0x00, 0x00, 0x00, 0x00, 0x00, 0x00, 0x00, 0x00, 0x00, 0x00, 0x00, 0x00, 0x00, 
    0x00, 0x00, 0x00, 0x00, 0x00, 0x00, 0x00, 0x00, 0x00, 0x00, 0x00, 0x00, 0x00, 0x00, 0x00, 0x00, 
    0x00, 0x00, 0x00, 0x00, 0x00, 0x00, 0x00, 0x00, 0x00, 0x00, 0x00, 0x00, 0x00, 0x00, 0x00, 0x00, 
    0x00, 0x00, 0x00, 0x00, 0x00, 0x00, 0x00, 0x00, 0x00, 0x00, 0x00, 0x00, 0x00, 0x00, 0x00, 0x00, 
    0x00, 0x00, 0x00, 0x00, 0x00, 0x00, 0x00, 0x00, 0x00, 0x00, 0x00, 0x00, 0x00, 0x00, 0x00, 0x00, 
    0x00, 0x00, 0x00, 0x00, 0x00, 0x00, 0x00, 0x00, 0x00, 0x00, 0x00, 0x00, 0x00, 0x00, 0x00, 0x00, 
    0x00, 0x00, 0x00, 0x00, 0x00, 0x00, 0x00, 0x00, 0x00, 0x00, 0x00, 0x00, 0x00, 0x00, 0x00, 0x00, 
    0x00, 0x00, 0x00, 0x00, 0x00, 0x00, 0x00, 0x00, 0x00, 0x00, 0x00, 0x00, 0x00, 0x00, 0x00, 0x00, 
    0x00, 0x00, 0x00, 0x00, 0x00, 0x00, 0x00, 0x00, 0x00, 0x00, 0x00, 0x00, 0x00, 0x00, 0x00, 0x00, 
    0x00, 0x00, 0x00, 0x00, 0x00, 0x00, 0x00, 0x00, 0x00, 0x00, 0x00, 0x00, 0x00, 0x00, 0x00, 0x00, 
    0x00, 0x00, 0x00, 0x00, 0x00, 0x00, 0x00, 0x00, 0x00, 0x00, 0x00, 0x00, 0x00, 0x00, 0x00, 0x00, 
    0x00, 0x00, 0x00, 0x00, 0x00, 0x00, 0x00, 0x00, 0x00, 0x00, 0x00, 0x00, 0x00, 0x00, 0x00, 0x00, 
    0x00, 0x00, 0x00, 0x00, 0x00, 0x00, 0x00, 0x00, 0x00, 0x00, 0x00, 0x00, 0x00, 0x00, 0x00, 0x00, 
    0x00, 0x00, 0x00, 0x00, 0x00, 0x00, 0x00, 0x00, 0x00, 0x00, 0x00, 0x00, 0x00, 0x00, 0x00, 0x00, 
    0x00, 0x00, 0x00, 0x00, 0x00, 0x00, 0x00, 0x00, 0x00, 0x00, 0x00, 0x00, 0x00, 0x00, 0x00, 0x00, 
    0x00, 0x00, 0x00, 0x00, 0x00, 0x00, 0x00, 0x00, 0x00, 0x00, 0x00, 0x00, 0x00, 0x00, 0x00, 0x00, 
    0x00, 0x00, 0x00, 0x00, 0x00, 0x00, 0x00, 0x00, 0x00, 0x00, 0x00, 0x00, 0x00, 0x00, 0x00, 0x00, 
    0x00, 0x00, 0x00, 0x00, 0x00, 0x00, 0x00, 0x00, 0x00, 0x00, 0x00, 0x00, 0x00, 0x00, 0x00, 0x00, 
    0x00, 0x00, 0x00, 0x00, 0x00, 0x00, 0xFF, 0xFF, 0xFF, 0xFF, 0xFF, 0xFF, 0xFF, 0xFF, 0xFF, 0xFF, 
    0xFF, 0xFF, 0xFF, 0xFF, 0xFF, 0xFF, 0xFF, 0xFF, 0xFF, 0xFF, 0x00, 0x00, 0x00, 0x00, 0x00, 0x00, 
    0x00, 0x00, 0x00, 0x00, 0x00, 0x00, 0x00, 0x00, 0x00, 0x00, 0x00, 0x00, 0x00, 0x00, 0x00, 0x00, 
    0x00, 0x00, 0x00, 0x00, 0x00, 0x00, 0x00, 0x00, 0x00, 0x00, 0x00, 0x00, 0x00, 0x00, 0x00, 0x00, 
    0x00, 0x00, 0x00, 0x00, 0x00, 0x00, 0x00, 0x00, 0x00, 0x00, 0x00, 0x00, 0x00, 0x00, 0x00, 0x00, 
    0x00, 0x00, 0x00, 0x00, 0x00, 0x00, 0x00, 0x00, 0x00, 0x00, 0x00, 0x00, 0x00, 0x00, 0x00, 0x00, 
    0x00, 0x00, 0x00, 0x00, 0x00, 0x00, 0x00, 0x00, 0x00, 0x00, 0x00, 0x00, 0x00, 0x00, 0x00, 0x00, 
    0x00, 0x00, 0xFF, 0xFF, 0xFF, 0xFF, 0xFF, 0xFF, 0xFF, 0xFF, 0xFF, 0xFF, 0xFF, 0xFF, 0xFF, 0xFF, 
    0xFF, 0xFF, 0xFF, 0xFF, 0xFF, 0xFF, 0x28, 0x00, 0x00, 0x00, 0x10, 0x00, 0x00, 0x00, 0x20, 0x00, 
    0x00, 0x00, 0x01, 0x00, 0x20, 0x00, 0x00, 0x00, 0x00, 0x00, 0x00, 0x00, 0x00, 0x00, 0x00, 0x00, 
    0x00, 0x00, 0x00, 0x00, 0x00, 0x00, 0x00, 0x00, 0x00, 0x00, 0x00, 0x00, 0x00, 0x00, 0x00, 0x00, 
    0x00, 0x00, 0x00, 0x00, 0x00, 0x00, 0x00, 0x00, 0x00, 0x00, 0x00, 0x00, 0x00, 0x00, 0x00, 0x00, 
    0x00, 0x00, 0x00, 0x00, 0x00, 0x00, 0x00, 0x00, 0x00, 0x00, 0x00, 0x00, 0x00, 0x00, 0x00, 0x00, 
    0x00, 0x00, 0x00, 0x00, 0x00, 0x00, 0x00, 0x00, 0x00, 0x00, 0x00, 0x00, 0x00, 0x00, 0x00, 0x00, 
    0x00, 0x00, 0x00, 0x00, 0x00, 0x00, 0x00, 0x00, 0x00, 0x00, 0x00, 0x00, 0x00, 0x00, 0x00, 0x00, 
    0x00, 0x00, 0x00, 0x00, 0x00, 0x00, 0x00, 0x00, 0x00, 0x00, 0x00, 0x00, 0x00, 0x00, 0x00, 0x00, 
    0x00, 0x00, 0x00, 0x00, 0x00, 0x00, 0x00, 0x00, 0x00, 0x00, 0x00, 0x00, 0x00, 0x00, 0x00, 0x00, 
    0x00, 0x00, 0x00, 0x00, 0x00, 0x00, 0x00, 0x00, 0x00, 0x00, 0x00, 0x00, 0x00, 0x00, 0x00, 0x00, 
    0x00, 0x00, 0x00, 0x00, 0x00, 0x00, 0x00, 0x00, 0x00, 0x00, 0x00, 0x00, 0x00, 0x00, 0x80, 0x80, 
    0x80, 0x06, 0xAA, 0xAA, 0xAA, 0x06, 0xD5, 0xD5, 0xD5, 0x06, 0xD5, 0xD5, 0xD5, 0x06, 0xAA, 0xAA, 
    0xD5, 0x06, 0x80, 0x80, 0x80, 0x06, 0x55, 0x55, 0x55, 0x06, 0xAA, 0xAA, 0xAA, 0x06, 0x80, 0x80, 
    0x80, 0x06, 0x55, 0x55, 0x55, 0x06, 0x55, 0x55, 0x55, 0x06, 0x2A, 0x2A, 0x2A, 0x06, 0x00, 0x00, 
    0x00, 0x06, 0x00, 0x00, 0x00, 0x06, 0x00, 0x00, 0x00, 0x06, 0x00, 0x00, 0x00, 0x06, 0x95, 0x95, 
    0x8F, 0xFF, 0xC2, 0xC2, 0xC0, 0xFF, 0xC6, 0xC6, 0xC6, 0xFF, 0xC4, 0xC4, 0xC3, 0xFF, 0x95, 0x95, 
    0x9B, 0xFF, 0x66, 0x66, 0x66, 0xFF, 0x4E, 0x4E, 0x4D, 0xFF, 0x77, 0x78, 0x7A, 0xFF, 0x5E, 0x5F, 
    0x63, 0xFF, 0x44, 0x44, 0x48, 0xFF, 0x3F, 0x3F, 0x40, 0xFF, 0x2A, 0x2B, 0x2F, 0xFF, 0x0F, 0x0F, 
    0x11, 0xFF, 0x09, 0x09, 0x09, 0xFF, 0x04, 0x04, 0x04, 0xFF, 0x03, 0x03, 0x03, 0xFF, 0x63, 0x63, 
    0x60, 0xFF, 0x8B, 0x8B, 0x88, 0xFF, 0x9C, 0x9D, 0x9F, 0xFF, 0x71, 0x71, 0x74, 0xFF, 0x59, 0x59, 
    0x5C, 0xFF, 0x4B, 0x4C, 0x4D, 0xFF, 0x44, 0x45, 0x48, 0xFF, 0x3E, 0x40, 0x43, 0xFF, 0x4C, 0x4D, 
    0x4E, 0xFF, 0x54, 0x54, 0x56, 0xFF, 0x46, 0x46, 0x4A, 0xFF, 0x3F, 0x3F, 0x41, 0xFF, 0x32, 0x32, 
    0x33, 0xFF, 0x42, 0x42, 0x46, 0xFF, 0x09, 0x09, 0x0B, 0xFF, 0x03, 0x03, 0x03, 0xFF, 0x07, 0x07, 
    0x07, 0xFF, 0x1E, 0x1E, 0x1D, 0xFF, 0x39, 0x3A, 0x3B, 0xFF, 0x33, 0x34, 0x37, 0xFF, 0x3F, 0x3F, 
    0x40, 0xFF, 0x51, 0x51, 0x53, 0xFF, 0x47, 0x47, 0x4A, 0xFF, 0x43, 0x44, 0x47, 0xFF, 0x4D, 0x4D, 
    0x4F, 0xFF, 0x49, 0x4A, 0x4D, 0xFF, 0x3E, 0x40, 0x43, 0xFF, 0x3B, 0x3C, 0x3E, 0xFF, 0x4F, 0x50, 
    0x50, 0xFF, 0x97, 0x97, 0x98, 0xFF, 0x28, 0x27, 0x2E, 0xFF, 0x04, 0x04, 0x04, 0xFF, 0x03, 0x03, 
    0x03, 0xFF, 0x04, 0x04, 0x04, 0xFF, 0x0A, 0x0A, 0x0A, 0xFF, 0x22, 0x22, 0x22, 0xFF, 0x4A, 0x4A, 
    0x49, 0xFF, 0x6A, 0x6A, 0x6C, 0xFF, 0x42, 0x42, 0x47, 0xFF, 0x30, 0x30, 0x35, 0xFF, 0x2C, 0x2D, 
    0x31, 0xFF, 0x27, 0x28, 0x2C, 0xFF, 0x24, 0x24, 0x29, 0xFF, 0x22, 0x22, 0x26, 0xFF, 0x27, 0x27, 
    0x29, 0xFF, 0x87, 0x85, 0x7F, 0xFF, 0x64, 0x5C, 0x6B, 0xFF, 0x08, 0x07, 0x09, 0xFF, 0x03, 0x03, 
    0x03, 0xFF, 0x03, 0x03, 0x03, 0xFF, 0x03, 0x03, 0x03, 0xFF, 0x04, 0x04, 0x04, 0xFF, 0x59, 0x59, 
    0x4A, 0xFF, 0x93, 0x93, 0x9A, 0xFF, 0x2C, 0x2D, 0x33, 0xFF, 0x27, 0x27, 0x2A, 0xFF, 0x38, 0x38, 
    0x41, 0xFF, 0x24, 0x25, 0x29, 0xFF, 0x32, 0x33, 0x35, 0xFF, 0x4C, 0x4C, 0x4F, 0xFF, 0x41, 0x41, 
    0x42, 0xFF, 0x7E, 0x7D, 0x76, 0xFF, 0x50, 0x4B, 0x5A, 0xFF, 0x05, 0x05, 0x06, 0xFF, 0x03, 0x03, 
    0x04, 0xFF, 0x03, 0x03, 0x03, 0xFF, 0x03, 0x03, 0x03, 0xFF, 0x03, 0x03, 0x03, 0xFF, 0x38, 0x38, 
    0x2E, 0xFF, 0xAC, 0xAC, 0xB1, 0xFF, 0x14, 0x14, 0x17, 0xFF, 0x41, 0x41, 0x3E, 0xFF, 0x8D, 0x8C, 
    0x8B, 0xFF, 0x93, 0x93, 0x9A, 0xFF, 0x23, 0x23, 0x24, 0xFF, 0x2E, 0x2E, 0x30, 0xFF, 0x0A, 0x0A, 
    0x0A, 0xFF, 0x71, 0x70, 0x65, 0xFF, 0x6C, 0x5A, 0x78, 0xFF, 0x04, 0x04, 0x05, 0xFF, 0x04, 0x04, 
    0x05, 0xFF, 0x03, 0x03, 0x03, 0xFF, 0x03, 0x03, 0x03, 0xFF, 0x03, 0x03, 0x03, 0xFF, 0x3F, 0x3F, 
    0x33, 0xFF, 0xA4, 0xA4, 0xA9, 0xFF, 0x10, 0x10, 0x11, 0xFF, 0x3B, 0x3A, 0x3A, 0xFF, 0x5A, 0x5A, 
    0x56, 0xFF, 0x9E, 0x9D, 0x9D, 0xFF, 0x69, 0x69, 0x70, 0xFF, 0x48, 0x47, 0x48, 0xFF, 0x6B, 0x6A, 
    0x69, 0xFF, 0xA8, 0xA6, 0xA2, 0xFF, 0x8C, 0x87, 0x92, 0xFF, 0x74, 0x72, 0x72, 0xFF, 0x05, 0x05, 
    0x07, 0xFF, 0x03, 0x03, 0x03, 0xFF, 0x03, 0x03, 0x03, 0xFF, 0x03, 0x03, 0x03, 0xFF, 0x4D, 0x4D, 
    0x3E, 0xFF, 0xCF, 0xCE, 0xD2, 0xFF, 0x76, 0x74, 0x78, 0xFF, 0x5D, 0x5C, 0x5F, 0xFF, 0x60, 0x5F, 
    0x5E, 0xFF, 0x8F, 0x88, 0x89, 0xFF, 0xE1, 0xD4, 0xDD, 0xFF, 0xD8, 0xD6, 0xD8, 0xFF, 0xD3, 0xD1, 
    0xD2, 0xFF, 0xD6, 0xD5, 0xD6, 0xFF, 0xA5, 0xA4, 0xA4, 0xFF, 0xBC, 0xBA, 0xBA, 0xFF, 0x04, 0x04, 
    0x04, 0xFF, 0x03, 0x03, 0x03, 0xFF, 0x03, 0x03, 0x03, 0xFF, 0x03, 0x03, 0x03, 0xFF, 0x62, 0x62, 
    0x51, 0xFF, 0xE9, 0xE9, 0xEB, 0xFF, 0xBF, 0xBF, 0xC2, 0xFF, 0xB5, 0xB4, 0xB5, 0xFF, 0xB8, 0xB6, 
    0xB6, 0xFF, 0xB9, 0xB7, 0xBA, 0xFF, 0xD6, 0xCC, 0xD6, 0xFF, 0x9E, 0x99, 0x9E, 0xFF, 0x99, 0x97, 
    0x99, 0xFF, 0x99, 0x98, 0x9A, 0xFF, 0x51, 0x50, 0x57, 0xFF, 0x18, 0x18, 0x18, 0xFF, 0x04, 0x04, 
    0x04, 0xFF, 0x03, 0x03, 0x03, 0xFF, 0x03, 0x03, 0x03, 0xFF, 0x03, 0x03, 0x03, 0xFF, 0x33, 0x33, 
    0x2A, 0xFF, 0x87, 0x87, 0x8B, 0xFF, 0x4E, 0x4E, 0x51, 0xFF, 0x5C, 0x5B, 0x59, 0xFF, 0x97, 0x96, 
    0x96, 0xFF, 0x9A, 0x94, 0x9D, 0xFF, 0x65, 0x5D, 0x66, 0xFF, 0x26, 0x24, 0x28, 0xFF, 0x1B, 0x1B, 
    0x1B, 0xFF, 0x18, 0x18, 0x18, 0xFF, 0x0E, 0x0D, 0x0E, 0xFF, 0x05, 0x05, 0x05, 0xFF, 0x00, 0x00, 
    0x00, 0x06, 0x00, 0x00, 0x00, 0x06, 0x00, 0x00, 0x00, 0x06, 0x00, 0x00, 0x00, 0x06, 0x2A, 0x2A, 
    0x2A, 0x06, 0x55, 0x55, 0x55, 0x06, 0x2A, 0x2A, 0x2A, 0x06, 0x2A, 0x2A, 0x2A, 0x06, 0xAA, 0xAA, 
    0xAA, 0x06, 0x80, 0x80, 0x80, 0x06, 0x55, 0x55, 0x55, 0x06, 0x2A, 0x2A, 0x2A, 0x06, 0x00, 0x00, 
    0x00, 0x06, 0x00, 0x00, 0x00, 0x06, 0x00, 0x00, 0x00, 0x06, 0x00, 0x00, 0x00, 0x06, 0x00, 0x00, 
    0x00, 0x00, 0x00, 0x00, 0x00, 0x00, 0x00, 0x00, 0x00, 0x00, 0x00, 0x00, 0x00, 0x00, 0x00, 0x00, 
    0x00, 0x00, 0x00, 0x00, 0x00, 0x00, 0x00, 0x00, 0x00, 0x00, 0x00, 0x00, 0x00, 0x00, 0x00, 0x00, 
    0x00, 0x00, 0x00, 0x00, 0x00, 0x00, 0x00, 0x00, 0x00, 0x00, 0x00, 0x00, 0x00, 0x00, 0x00, 0x00, 
    0x00, 0x00, 0x00, 0x00, 0x00, 0x00, 0x00, 0x00, 0x00, 0x00, 0x00, 0x00, 0x00, 0x00, 0x00, 0x00, 
    0x00, 0x00, 0x00, 0x00, 0x00, 0x00, 0x00, 0x00, 0x00, 0x00, 0x00, 0x00, 0x00, 0x00, 0x00, 0x00, 
    0x00, 0x00, 0x00, 0x00, 0x00, 0x00, 0x00, 0x00, 0x00, 0x00, 0x00, 0x00, 0x00, 0x00, 0x00, 0x00, 
    0x00, 0x00, 0x00, 0x00, 0x00, 0x00, 0x00, 0x00, 0x00, 0x00, 0x00, 0x00, 0x00, 0x00, 0x00, 0x00, 
    0x00, 0x00, 0x00, 0x00, 0x00, 0x00, 0x00, 0x00, 0x00, 0x00, 0x00, 0x00, 0x00, 0x00, 0xFF, 0xFF, 
    0x00, 0x00, 0xFF, 0xFF, 0x00, 0x00, 0x00, 0x00, 0x00, 0x00, 0x00, 0x00, 0x00, 0x00, 0x00, 0x00, 
    0x00, 0x00, 0x00, 0x00, 0x00, 0x00, 0x00, 0x00, 0x00, 0x00, 0x00, 0x00, 0x00, 0x00, 0x00, 0x00, 
    0x00, 0x00, 0x00, 0x00, 0x00, 0x00, 0x00, 0x00, 0x00, 0x00, 0x00, 0x00, 0x00, 0x00, 0x00, 0x00, 
    0x00, 0x00, 0x00, 0x00, 0x00, 0x00, 0xFF, 0xFF, 0x00, 0x00, 0xFF, 0xFF, 0x00, 0x00
};

/** 
 * @brief Length of the favicon data  
 */
const size_t favicon_ico_len = sizeof(favicon_ico);

